Vehicle_ID,Vehicle_Type,Confidence,First_Frame,Last_Frame,Crossing_Frame,Speed_kmph,Speed_Limit_kmph,Speeding,Counted,Photo
1,Car,0.8344398736953735,1,59,42,39.45,60,No,Yes,vehicle_photos\ID_001_Car.jpg
2,Car,0.8541316390037537,1,76,64,38.78,60,No,Yes,vehicle_photos\ID_002_Car.jpg
3,Car,0.7667322754859924,1,734,,0.0,60,No,No,vehicle_photos\ID_003_Car.jpg
4,Car,0.8451323509216309,1,163,137,12.61,60,No,Yes,vehicle_photos\ID_004_Car.jpg
5,Car,0.7295069694519043,1,120,69,7.3,60,No,Yes,vehicle_photos\ID_005_Car.jpg
6,Car,0.8831654787063599,1,31,16,38.29,60,No,Yes,vehicle_photos\ID_006_Car.jpg
7,Car,0.5611976385116577,1,1,,0.0,60,No,No,vehicle_photos\ID_007_Car.jpg
8,Car,0.8769959807395935,1,165,152,35.42,60,No,Yes,vehicle_photos\ID_008_Car.jpg
9,Car,0.8390160202980042,11,116,103,44.6,60,No,Yes,vehicle_photos\ID_009_Car.jpg
11,Car,0.8917476534843445,37,86,61,27.61,60,No,Yes,vehicle_photos\ID_011_Car.jpg
14,Car,0.5594221353530884,41,42,,0.0,60,No,No,vehicle_photos\ID_014_Car.jpg
16,Car,0.398947149515152,53,54,,0.0,60,No,No,vehicle_photos\ID_016_Car.jpg
20,Car,0.6733605861663818,78,122,,0.0,60,No,No,vehicle_photos\ID_020_Car.jpg
22,Car,0.829272985458374,97,211,198,31.64,60,No,Yes,vehicle_photos\ID_022_Car.jpg
23,Car,0.7883302569389343,115,305,284,19.84,60,No,Yes,vehicle_photos\ID_023_Car.jpg
25,Car,0.859375,120,221,219,34.91,60,No,Yes,vehicle_photos\ID_025_Car.jpg
29,Car,0.8155584931373596,126,266,251,37.84,60,No,Yes,vehicle_photos\ID_029_Car.jpg
36,Car,0.3684128224849701,152,152,,0.0,60,No,No,vehicle_photos\ID_036_Car.jpg
37,Car,0.8071776032447815,153,359,337,17.77,60,No,Yes,vehicle_photos\ID_037_Car.jpg
38,Car,0.8655482530593872,158,289,275,35.77,60,No,Yes,vehicle_photos\ID_038_Car.jpg
40,Car,0.41814273595809937,165,170,,0.0,60,No,No,vehicle_photos\ID_040_Car.jpg
41,Truck,0.40126022696495056,173,175,,0.0,60,No,No,vehicle_photos\ID_041_Truck.jpg
43,Car,0.7161750197410583,195,243,,0.0,60,No,No,vehicle_photos\ID_043_Car.jpg
44,Car,0.824856698513031,201,307,290,34.66,60,No,Yes,vehicle_photos\ID_044_Car.jpg
45,Car,0.869993269443512,201,234,,0.0,60,No,No,vehicle_photos\ID_045_Car.jpg
47,Car,0.38706138730049133,206,208,,0.0,60,No,No,vehicle_photos\ID_047_Car.jpg
50,Car,0.7831078767776489,225,408,387,21.21,60,No,Yes,vehicle_photos\ID_050_Car.jpg
51,Car,0.8601085543632507,228,360,341,31.95,60,No,Yes,vehicle_photos\ID_051_Car.jpg
53,Car,0.753206193447113,236,351,338,37.44,60,No,Yes,vehicle_photos\ID_053_Car.jpg
55,Car,0.8435632586479187,246,382,364,34.08,60,No,Yes,vehicle_photos\ID_055_Car.jpg
56,Truck,0.3537614941596985,247,247,,0.0,60,No,No,vehicle_photos\ID_056_Truck.jpg
58,Truck,0.405294269323349,253,254,,0.0,60,No,No,vehicle_photos\ID_058_Truck.jpg
62,Car,0.8570111989974976,263,429,413,32.48,60,No,Yes,vehicle_photos\ID_062_Car.jpg
64,Car,0.8397946357727051,268,398,378,26.14,60,No,Yes,vehicle_photos\ID_064_Car.jpg
68,Car,0.8271688222885132,274,457,439,20.96,60,No,Yes,vehicle_photos\ID_068_Car.jpg
77,Car,0.8908500075340271,335,475,461,34.67,60,No,Yes,vehicle_photos\ID_077_Car.jpg
95,Car,0.5520440340042114,375,376,,0.0,60,No,No,vehicle_photos\ID_095_Car.jpg
97,Car,0.8123835921287537,380,549,538,35.16,60,No,Yes,vehicle_photos\ID_097_Car.jpg
98,Car,0.3907480239868164,432,441,,0.0,60,No,No,vehicle_photos\ID_098_Car.jpg
100,Truck,0.8170918226242065,452,609,601,34.58,60,No,Yes,vehicle_photos\ID_100_Truck.jpg
103,Car,0.6252526044845581,465,478,,0.0,60,No,No,vehicle_photos\ID_103_Car.jpg
106,Car,0.8914868831634521,482,610,597,37.59,60,No,Yes,vehicle_photos\ID_106_Car.jpg
107,Car,0.8304044604301453,497,694,681,20.83,60,No,Yes,vehicle_photos\ID_107_Car.jpg
108,Car,0.48760148882865906,502,507,,0.0,60,No,No,vehicle_photos\ID_108_Car.jpg
110,Car,0.8864031434059143,516,678,668,41.91,60,No,Yes,vehicle_photos\ID_110_Car.jpg
111,Car,0.8971070647239685,543,659,644,39.62,60,No,Yes,vehicle_photos\ID_111_Car.jpg
113,Truck,0.5197372436523438,545,546,,0.0,60,No,No,vehicle_photos\ID_113_Truck.jpg
114,Truck,0.8097471594810486,548,555,,0.0,60,No,No,vehicle_photos\ID_114_Truck.jpg
117,Car,0.8412200212478638,573,770,746,16.84,60,No,Yes,vehicle_photos\ID_117_Car.jpg
118,Truck,0.48616287112236023,574,574,,0.0,60,No,No,vehicle_photos\ID_118_Truck.jpg
119,Car,0.711000382900238,606,806,801,23.54,60,No,Yes,vehicle_photos\ID_119_Car.jpg
120,Car,0.8206830024719238,607,751,738,39.18,60,No,Yes,vehicle_photos\ID_120_Car.jpg
122,Car,0.8306920528411865,610,1120,937,2.4,60,No,Yes,vehicle_photos\ID_122_Car.jpg
123,Car,0.8722391128540039,676,851,820,22.59,60,No,Yes,vehicle_photos\ID_123_Car.jpg
126,Car,0.9363800883293152,682,1137,1062,7.59,60,No,Yes,vehicle_photos\ID_126_Car.jpg
128,Car,0.5124054551124573,706,732,,0.0,60,No,No,vehicle_photos\ID_128_Car.jpg
130,Car,0.4750418961048126,730,731,,0.0,60,No,No,vehicle_photos\ID_130_Car.jpg
133,Bus,0.9416772723197937,749,953,815,23.41,60,No,Yes,vehicle_photos\ID_133_Bus.jpg
135,Car,0.8491567373275757,755,1691,1627,2.4,60,No,Yes,vehicle_photos\ID_135_Car.jpg
136,Car,0.8931487798690796,764,1036,880,7.59,60,No,Yes,vehicle_photos\ID_136_Car.jpg
137,Car,0.7450735569000244,769,9184,,0.0,60,No,No,vehicle_photos\ID_137_Car.jpg
139,Car,0.4529380798339844,773,773,,0.0,60,No,No,vehicle_photos\ID_139_Car.jpg
140,Car,0.45387330651283264,775,780,,0.0,60,No,No,vehicle_photos\ID_140_Car.jpg
141,Car,0.54173344373703,775,796,,0.0,60,No,No,vehicle_photos\ID_141_Car.jpg
144,Car,0.4279966652393341,780,780,,0.0,60,No,No,vehicle_photos\ID_144_Car.jpg
145,Car,0.8474202752113342,781,1043,959,9.37,60,No,Yes,vehicle_photos\ID_145_Car.jpg
147,Car,0.7225382924079895,789,1369,,0.0,60,No,No,vehicle_photos\ID_147_Car.jpg
148,Truck,0.38742977380752563,792,793,,0.0,60,No,No,vehicle_photos\ID_148_Truck.jpg
149,Car,0.45020028948783875,799,836,,0.0,60,No,No,vehicle_photos\ID_149_Car.jpg
152,Car,0.8870493173599243,805,1184,1154,11.63,60,No,Yes,vehicle_photos\ID_152_Car.jpg
153,Car,0.5610353946685791,809,815,,0.0,60,No,No,vehicle_photos\ID_153_Car.jpg
154,Car,0.6400125026702881,812,947,,0.0,60,No,No,vehicle_photos\ID_154_Car.jpg
157,Car,0.8314828872680664,826,1182,1123,9.84,60,No,Yes,vehicle_photos\ID_157_Car.jpg
159,Car,0.8676452040672302,843,886,860,22.59,60,No,Yes,vehicle_photos\ID_159_Car.jpg
160,Car,0.8622220158576965,859,1253,1211,12.53,60,No,Yes,vehicle_photos\ID_160_Car.jpg
164,Car,0.5509853959083557,890,890,,0.0,60,No,No,vehicle_photos\ID_164_Car.jpg
165,Truck,0.39180582761764526,897,903,,0.0,60,No,No,vehicle_photos\ID_165_Truck.jpg
167,Car,0.8864579200744629,902,1323,1278,13.48,60,No,Yes,vehicle_photos\ID_167_Car.jpg
168,Truck,0.38322535157203674,910,910,,0.0,60,No,No,vehicle_photos\ID_168_Truck.jpg
169,Bus,0.35870158672332764,913,914,,0.0,60,No,No,vehicle_photos\ID_169_Bus.jpg
172,Car,0.9047759771347046,942,1423,1379,14.76,60,No,Yes,vehicle_photos\ID_172_Car.jpg
174,Truck,0.6060028672218323,950,1367,,0.0,60,No,No,vehicle_photos\ID_174_Truck.jpg
175,Car,0.8912810683250427,962,1262,1206,12.76,60,No,Yes,vehicle_photos\ID_175_Car.jpg
176,Car,0.8018198013305664,980,1021,998,23.05,60,No,Yes,vehicle_photos\ID_176_Car.jpg
177,Car,0.4041718542575836,1007,1007,,0.0,60,No,No,vehicle_photos\ID_177_Car.jpg
181,Car,0.88050776720047,1026,1351,1294,14.16,60,No,Yes,vehicle_photos\ID_181_Car.jpg
182,Car,0.8558254241943359,1041,1082,1057,24.74,60,No,Yes,vehicle_photos\ID_182_Car.jpg
186,Truck,0.3648460805416107,1057,1057,,0.0,60,No,No,vehicle_photos\ID_186_Truck.jpg
187,Bus,0.5829928517341614,1070,1073,,0.0,60,No,No,vehicle_photos\ID_187_Bus.jpg
190,Truck,0.40042534470558167,1097,1097,,0.0,60,No,No,vehicle_photos\ID_190_Truck.jpg
191,Car,0.873094379901886,1100,1383,1355,14.16,60,No,Yes,vehicle_photos\ID_191_Car.jpg
193,Truck,0.3645714223384857,1120,1120,,0.0,60,No,No,vehicle_photos\ID_193_Truck.jpg
196,Car,0.8528317213058472,1125,1595,1549,15.04,60,No,Yes,vehicle_photos\ID_196_Car.jpg
198,Truck,0.670323371887207,1131,1134,,0.0,60,No,No,vehicle_photos\ID_198_Truck.jpg
199,Car,0.664777934551239,1137,1146,,0.0,60,No,No,vehicle_photos\ID_199_Car.jpg
200,Bus,0.4426390826702118,1152,1152,,0.0,60,No,No,vehicle_photos\ID_200_Bus.jpg
201,Car,0.47892701625823975,1156,1156,,0.0,60,No,No,vehicle_photos\ID_201_Car.jpg
202,Car,0.8072845935821533,1159,1165,,0.0,60,No,No,vehicle_photos\ID_202_Car.jpg
203,Bus,0.8359616994857788,1184,1203,,0.0,60,No,No,vehicle_photos\ID_203_Bus.jpg
204,Car,0.8852851390838623,1191,1236,1211,25.88,60,No,Yes,vehicle_photos\ID_204_Car.jpg
205,Car,0.8699019551277161,1192,1512,1445,12.0,60,No,Yes,vehicle_photos\ID_205_Car.jpg
206,Car,0.4283989667892456,1226,1233,,0.0,60,No,No,vehicle_photos\ID_206_Car.jpg
207,Car,0.7031530737876892,1227,1471,,0.0,60,No,No,vehicle_photos\ID_207_Car.jpg
210,Car,0.5583340525627136,1241,1249,,0.0,60,No,No,vehicle_photos\ID_210_Car.jpg
212,Car,0.35259178280830383,1246,1246,,0.0,60,No,No,vehicle_photos\ID_212_Car.jpg
216,Car,0.5310545563697815,1264,1349,,0.0,60,No,No,vehicle_photos\ID_216_Car.jpg
218,Truck,0.41932883858680725,1274,1275,,0.0,60,No,No,vehicle_photos\ID_218_Truck.jpg
219,Car,0.8520241379737854,1279,1519,1471,12.71,60,No,Yes,vehicle_photos\ID_219_Car.jpg
220,Car,0.8392189145088196,1282,1587,1509,9.49,60,No,Yes,vehicle_photos\ID_220_Car.jpg
222,Truck,0.368765264749527,1309,1309,,0.0,60,No,No,vehicle_photos\ID_222_Truck.jpg
223,Truck,0.4592878520488739,1315,1315,,0.0,60,No,No,vehicle_photos\ID_223_Truck.jpg
224,Car,0.8764909505844116,1333,1869,1704,7.32,60,No,Yes,vehicle_photos\ID_224_Car.jpg
225,Car,0.8956230878829956,1337,1687,1600,8.16,60,No,Yes,vehicle_photos\ID_225_Car.jpg
229,Bus,0.9194634556770325,1347,1454,1390,16.14,60,No,Yes,vehicle_photos\ID_229_Bus.jpg
230,Bus,0.42760515213012695,1349,1350,,0.0,60,No,No,vehicle_photos\ID_230_Bus.jpg
231,Car,0.8125696182250977,1356,1946,1927,16.72,60,No,Yes,vehicle_photos\ID_231_Car.jpg
234,Bus,0.3564842939376831,1362,1362,,0.0,60,No,No,vehicle_photos\ID_234_Bus.jpg
236,Truck,0.4444011151790619,1372,1372,,0.0,60,No,No,vehicle_photos\ID_236_Truck.jpg
237,Car,0.7736684083938599,1373,1521,,0.0,60,No,No,vehicle_photos\ID_237_Car.jpg
238,Truck,0.5013513565063477,1375,1379,1379,15.8,60,No,Yes,vehicle_photos\ID_238_Truck.jpg
239,Car,0.36979079246520996,1380,1380,,0.0,60,No,No,vehicle_photos\ID_239_Car.jpg
240,Bus,0.8531870245933533,1383,1407,,0.0,60,No,No,vehicle_photos\ID_240_Bus.jpg
245,Car,0.3991817831993103,1395,1395,,0.0,60,No,No,vehicle_photos\ID_245_Car.jpg
249,Motorcycle,0.5148991346359253,1407,1438,,0.0,60,No,No,vehicle_photos\ID_249_Motorcycle.jpg
257,Car,0.38713720440864563,1426,1426,,0.0,60,No,No,vehicle_photos\ID_257_Car.jpg
258,Truck,0.4004782438278198,1426,1468,,0.0,60,No,No,vehicle_photos\ID_258_Truck.jpg
260,Car,0.4433019459247589,1431,1453,,0.0,60,No,No,vehicle_photos\ID_260_Car.jpg
261,Car,0.39455124735832214,1436,1439,,0.0,60,No,No,vehicle_photos\ID_261_Car.jpg
264,Truck,0.3549896776676178,1440,1440,,0.0,60,No,No,vehicle_photos\ID_264_Truck.jpg
267,Car,0.4658912122249603,1447,1457,,0.0,60,No,No,vehicle_photos\ID_267_Car.jpg
268,Car,0.4898631274700165,1448,1495,,0.0,60,No,No,vehicle_photos\ID_268_Car.jpg
269,Car,0.8822149634361267,1448,1506,1470,17.16,60,No,Yes,vehicle_photos\ID_269_Car.jpg
270,Car,0.3991909325122833,1450,1454,,0.0,60,No,No,vehicle_photos\ID_270_Car.jpg
271,Car,0.4226340055465698,1451,1463,,0.0,60,No,No,vehicle_photos\ID_271_Car.jpg
272,Car,0.8733828067779541,1453,1713,1672,12.71,60,No,Yes,vehicle_photos\ID_272_Car.jpg
277,Car,0.4506693482398987,1461,1501,,0.0,60,No,No,vehicle_photos\ID_277_Car.jpg
279,Car,0.7722342014312744,1468,1640,1612,15.38,60,No,Yes,vehicle_photos\ID_279_Car.jpg
280,Truck,0.3694210648536682,1470,1470,,0.0,60,No,No,vehicle_photos\ID_280_Truck.jpg
281,Car,0.3823542594909668,1473,1473,,0.0,60,No,No,vehicle_photos\ID_281_Car.jpg
283,Truck,0.38093119859695435,1485,1485,,0.0,60,No,No,vehicle_photos\ID_283_Truck.jpg
284,Car,0.4327711760997772,1486,1489,,0.0,60,No,No,vehicle_photos\ID_284_Car.jpg
285,Truck,0.38346022367477417,1487,1487,,0.0,60,No,No,vehicle_photos\ID_285_Truck.jpg
286,Truck,0.3759670853614807,1492,1492,,0.0,60,No,No,vehicle_photos\ID_286_Truck.jpg
288,Car,0.36751583218574524,1495,1495,,0.0,60,No,No,vehicle_photos\ID_288_Car.jpg
290,Truck,0.593461811542511,1506,1514,1509,9.0,60,No,Yes,vehicle_photos\ID_290_Truck.jpg
291,Car,0.4025813341140747,1507,1515,,0.0,60,No,No,vehicle_photos\ID_291_Car.jpg
293,Car,0.49473780393600464,1511,1599,,0.0,60,No,No,vehicle_photos\ID_293_Car.jpg
294,Car,0.8374757766723633,1516,1881,1850,14.6,60,No,Yes,vehicle_photos\ID_294_Car.jpg
298,Car,0.850273609161377,1524,1579,1548,20.05,60,No,Yes,vehicle_photos\ID_298_Car.jpg
299,Car,0.869392991065979,1532,1760,1721,16.16,60,No,Yes,vehicle_photos\ID_299_Car.jpg
301,Car,0.4089641869068146,1535,1539,,0.0,60,No,No,vehicle_photos\ID_301_Car.jpg
302,Car,0.501166582107544,1550,1625,,0.0,60,No,No,vehicle_photos\ID_302_Car.jpg
303,Car,0.8688907027244568,1553,1803,1768,16.16,60,No,Yes,vehicle_photos\ID_303_Car.jpg
304,Bus,0.8621131777763367,1555,1922,1828,3.84,60,No,Yes,vehicle_photos\ID_304_Bus.jpg
305,Car,0.8473909497261047,1563,1864,1827,14.61,60,No,Yes,vehicle_photos\ID_305_Car.jpg
306,Car,0.8490304946899414,1567,1637,1601,17.9,60,No,Yes,vehicle_photos\ID_306_Car.jpg
308,Car,0.4375413656234741,1578,1599,,0.0,60,No,No,vehicle_photos\ID_308_Car.jpg
309,Truck,0.351493239402771,1583,1583,,0.0,60,No,No,vehicle_photos\ID_309_Truck.jpg
310,Car,0.44170311093330383,1587,1616,,0.0,60,No,No,vehicle_photos\ID_310_Car.jpg
313,Bus,0.449927419424057,1616,1618,,0.0,60,No,No,vehicle_photos\ID_313_Bus.jpg
314,Car,0.5430947542190552,1634,1634,,0.0,60,No,No,vehicle_photos\ID_314_Car.jpg
315,Bus,0.6693525910377502,1640,1651,,0.0,60,No,No,vehicle_photos\ID_315_Bus.jpg
316,Car,0.36563339829444885,1650,1650,,0.0,60,No,No,vehicle_photos\ID_316_Car.jpg
318,Car,0.5905364155769348,1654,1727,1703,10.81,60,No,Yes,vehicle_photos\ID_318_Car.jpg
321,Car,0.7841476798057556,1673,1905,,0.0,60,No,No,vehicle_photos\ID_321_Car.jpg
322,Bus,0.7089858651161194,1682,1800,1770,9.68,60,No,Yes,vehicle_photos\ID_322_Bus.jpg
323,Car,0.4248192608356476,1712,1717,,0.0,60,No,No,vehicle_photos\ID_323_Car.jpg
325,Truck,0.4106253981590271,1722,1734,,0.0,60,No,No,vehicle_photos\ID_325_Truck.jpg
329,Car,0.7397975921630859,1749,2182,2149,11.21,60,No,Yes,vehicle_photos\ID_329_Car.jpg
332,Car,0.785298764705658,1762,2035,2005,15.89,60,No,Yes,vehicle_photos\ID_332_Car.jpg
335,Car,0.5097452998161316,1770,1810,,0.0,60,No,No,vehicle_photos\ID_335_Car.jpg
336,Bus,0.5718123912811279,1773,1776,1776,14.84,60,No,Yes,vehicle_photos\ID_336_Bus.jpg
338,Car,0.4788667559623718,1786,1876,,0.0,60,No,No,vehicle_photos\ID_338_Car.jpg
340,Truck,0.4546199440956116,1798,1798,,0.0,60,No,No,vehicle_photos\ID_340_Truck.jpg
342,Car,0.8191361427307129,1804,2082,2059,18.84,60,No,Yes,vehicle_photos\ID_342_Car.jpg
343,Car,0.8872745633125305,1823,2127,2095,15.6,60,No,Yes,vehicle_photos\ID_343_Car.jpg
344,Bus,0.9289335608482361,1839,1973,1917,21.47,60,No,Yes,vehicle_photos\ID_344_Bus.jpg
347,Car,0.8916809558868408,1858,2054,2014,16.51,60,No,Yes,vehicle_photos\ID_347_Car.jpg
348,Car,0.8865788578987122,1863,2292,2243,14.73,60,No,Yes,vehicle_photos\ID_348_Car.jpg
350,Car,0.895465612411499,1872,2193,2156,15.6,60,No,Yes,vehicle_photos\ID_350_Car.jpg
351,Car,0.8361573219299316,1877,2127,2104,18.69,60,No,Yes,vehicle_photos\ID_351_Car.jpg
352,Car,0.6087812185287476,1893,2128,,0.0,60,No,No,vehicle_photos\ID_352_Car.jpg
354,Car,0.5197755694389343,1908,1935,,0.0,60,No,No,vehicle_photos\ID_354_Car.jpg
355,Car,0.8217021822929382,1911,2180,2156,19.2,60,No,Yes,vehicle_photos\ID_355_Car.jpg
358,Car,0.48228219151496887,1923,1943,,0.0,60,No,No,vehicle_photos\ID_358_Car.jpg
359,Car,0.5389275550842285,1924,1952,,0.0,60,No,No,vehicle_photos\ID_359_Car.jpg
361,Truck,0.4682294726371765,1946,1950,,0.0,60,No,No,vehicle_photos\ID_361_Truck.jpg
363,Car,0.8929823040962219,1948,2140,2071,6.49,60,No,Yes,vehicle_photos\ID_363_Car.jpg
365,Truck,0.38716205954551697,1956,1956,,0.0,60,No,No,vehicle_photos\ID_365_Truck.jpg
366,Truck,0.3838837742805481,1960,1960,,0.0,60,No,No,vehicle_photos\ID_366_Truck.jpg
367,Car,0.8959823846817017,1964,2322,2298,24.43,60,No,Yes,vehicle_photos\ID_367_Car.jpg
369,Truck,0.39881590008735657,1969,1969,,0.0,60,No,No,vehicle_photos\ID_369_Truck.jpg
370,Car,0.8772911429405212,1970,2069,,0.0,60,No,No,vehicle_photos\ID_370_Car.jpg
371,Car,0.8629610538482666,1974,2234,2214,19.28,60,No,Yes,vehicle_photos\ID_371_Car.jpg
373,Car,0.4093296229839325,1981,1982,,0.0,60,No,No,vehicle_photos\ID_373_Car.jpg
377,Car,0.8365280628204346,2000,2348,2302,14.52,60,No,Yes,vehicle_photos\ID_377_Car.jpg
378,Truck,0.4230553209781647,2023,2025,,0.0,60,No,No,vehicle_photos\ID_378_Truck.jpg
381,Car,0.8240662813186646,2037,2277,2249,21.74,60,No,Yes,vehicle_photos\ID_381_Car.jpg
384,Car,0.39579102396965027,2049,2049,,0.0,60,No,No,vehicle_photos\ID_384_Car.jpg
394,Car,0.3946373760700226,2100,2101,,0.0,60,No,No,vehicle_photos\ID_394_Car.jpg
395,Truck,0.38925015926361084,2103,2104,,0.0,60,No,No,vehicle_photos\ID_395_Truck.jpg
397,Car,0.35622793436050415,2111,2111,,0.0,60,No,No,vehicle_photos\ID_397_Car.jpg
398,Car,0.8897829651832581,2116,2467,2440,20.51,60,No,Yes,vehicle_photos\ID_398_Car.jpg
400,Car,0.3646509349346161,2120,2120,,0.0,60,No,No,vehicle_photos\ID_400_Car.jpg
401,Car,0.8776836395263672,2122,2404,2361,15.0,60,No,Yes,vehicle_photos\ID_401_Car.jpg
404,Truck,0.36780673265457153,2128,2128,,0.0,60,No,No,vehicle_photos\ID_404_Truck.jpg
405,Car,0.6315252780914307,2130,2284,2271,15.95,60,No,Yes,vehicle_photos\ID_405_Car.jpg
409,Car,0.4300169050693512,2139,2143,,0.0,60,No,No,vehicle_photos\ID_409_Car.jpg
411,Car,0.4092104136943817,2146,2147,,0.0,60,No,No,vehicle_photos\ID_411_Car.jpg
412,Car,0.44061970710754395,2148,2149,2149,12.07,60,No,Yes,vehicle_photos\ID_412_Car.jpg
422,Truck,0.4562467634677887,2160,2160,,0.0,60,No,No,vehicle_photos\ID_422_Truck.jpg
423,Car,0.35776734352111816,2160,2160,,0.0,60,No,No,vehicle_photos\ID_423_Car.jpg
424,Truck,0.47417718172073364,2163,2165,,0.0,60,No,No,vehicle_photos\ID_424_Truck.jpg
425,Car,0.4347628653049469,2164,2164,,0.0,60,No,No,vehicle_photos\ID_425_Car.jpg
427,Car,0.36649343371391296,2167,2167,,0.0,60,No,No,vehicle_photos\ID_427_Car.jpg
428,Truck,0.7990302443504333,2168,2210,2169,119.9,60,Yes,Yes,vehicle_photos\ID_428_Truck.jpg
429,Truck,0.48705795407295227,2169,2170,,0.0,60,No,No,vehicle_photos\ID_429_Truck.jpg
430,Truck,0.3776758313179016,2173,2173,,0.0,60,No,No,vehicle_photos\ID_430_Truck.jpg
432,Car,0.8658502101898193,2192,2508,2470,19.21,60,No,Yes,vehicle_photos\ID_432_Car.jpg
433,Car,0.39779332280158997,2192,2193,,0.0,60,No,No,vehicle_photos\ID_433_Car.jpg
442,Truck,0.3828147053718567,2215,2215,,0.0,60,No,No,vehicle_photos\ID_442_Truck.jpg
445,Car,0.4840761423110962,2219,2219,,0.0,60,No,No,vehicle_photos\ID_445_Car.jpg
447,Truck,0.3854212164878845,2224,2227,,0.0,60,No,No,vehicle_photos\ID_447_Truck.jpg
448,Car,0.38424888253211975,2233,2233,,0.0,60,No,No,vehicle_photos\ID_448_Car.jpg
452,Truck,0.37066033482551575,2247,2248,,0.0,60,No,No,vehicle_photos\ID_452_Truck.jpg
454,Truck,0.4287707805633545,2256,2256,,0.0,60,No,No,vehicle_photos\ID_454_Truck.jpg
457,Truck,0.42257562279701233,2266,2266,,0.0,60,No,No,vehicle_photos\ID_457_Truck.jpg
458,Truck,0.403796523809433,2269,2269,,0.0,60,No,No,vehicle_photos\ID_458_Truck.jpg
465,Truck,0.38810378313064575,2284,2284,,0.0,60,No,No,vehicle_photos\ID_465_Truck.jpg
467,Car,0.42472606897354126,2285,2305,,0.0,60,No,No,vehicle_photos\ID_467_Car.jpg
468,Truck,0.45843204855918884,2287,2289,,0.0,60,No,No,vehicle_photos\ID_468_Truck.jpg
469,Truck,0.47343969345092773,2293,2295,,0.0,60,No,No,vehicle_photos\ID_469_Truck.jpg
470,Car,0.8082191944122314,2294,2509,2480,16.97,60,No,Yes,vehicle_photos\ID_470_Car.jpg
474,Car,0.8386716246604919,2322,2547,2512,20.16,60,No,Yes,vehicle_photos\ID_474_Car.jpg
476,Car,0.8869913220405579,2335,2528,2506,26.87,60,No,Yes,vehicle_photos\ID_476_Car.jpg
477,Car,0.8804841637611389,2366,2570,2537,13.42,60,No,Yes,vehicle_photos\ID_477_Car.jpg
478,Car,0.8778342008590698,2386,2659,2640,19.43,60,No,Yes,vehicle_photos\ID_478_Car.jpg
479,Car,0.8915578126907349,2392,2574,2554,27.37,60,No,Yes,vehicle_photos\ID_479_Car.jpg
480,Car,0.8059433102607727,2407,2620,2593,14.3,60,No,Yes,vehicle_photos\ID_480_Car.jpg
486,Car,0.6786849498748779,2512,2542,,0.0,60,No,No,vehicle_photos\ID_486_Car.jpg
487,Car,0.8569012880325317,2519,2677,2662,36.25,60,No,Yes,vehicle_photos\ID_487_Car.jpg
488,Car,0.4787420332431793,2546,2553,,0.0,60,No,No,vehicle_photos\ID_488_Car.jpg
491,Truck,0.7801133394241333,2562,2707,2689,26.3,60,No,Yes,vehicle_photos\ID_491_Truck.jpg
492,Car,0.3880211412906647,2567,2567,,0.0,60,No,No,vehicle_photos\ID_492_Car.jpg
496,Car,0.7757025361061096,2598,2786,2761,27.53,60,No,Yes,vehicle_photos\ID_496_Car.jpg
497,Car,0.44813641905784607,2627,2627,,0.0,60,No,No,vehicle_photos\ID_497_Car.jpg
498,Car,0.40285706520080566,2637,2637,,0.0,60,No,No,vehicle_photos\ID_498_Car.jpg
503,Car,0.472214013338089,2665,2666,,0.0,60,No,No,vehicle_photos\ID_503_Car.jpg
508,Car,0.3683280646800995,2671,2671,,0.0,60,No,No,vehicle_photos\ID_508_Car.jpg
509,Car,0.3876497745513916,2672,2675,,0.0,60,No,No,vehicle_photos\ID_509_Car.jpg
510,Truck,0.6725314855575562,2674,2739,2709,23.52,60,No,Yes,vehicle_photos\ID_510_Truck.jpg
513,Car,0.47954773902893066,2681,2681,,0.0,60,No,No,vehicle_photos\ID_513_Car.jpg
514,Car,0.4815528392791748,2685,2686,,0.0,60,No,No,vehicle_photos\ID_514_Car.jpg
515,Car,0.8943485021591187,2690,2820,2796,24.42,60,No,Yes,vehicle_photos\ID_515_Car.jpg
518,Car,0.6766217947006226,2700,2707,,0.0,60,No,No,vehicle_photos\ID_518_Car.jpg
520,Car,0.8635199069976807,2716,2862,2843,29.64,60,No,Yes,vehicle_photos\ID_520_Car.jpg
522,Truck,0.3717467188835144,2765,2766,,0.0,60,No,No,vehicle_photos\ID_522_Truck.jpg
525,Car,0.8903778791427612,2783,2931,2914,34.08,60,No,Yes,vehicle_photos\ID_525_Car.jpg
526,Car,0.5496998429298401,2817,2829,,0.0,60,No,No,vehicle_photos\ID_526_Car.jpg
528,Truck,0.8355964422225952,2829,2961,2950,36.84,60,No,Yes,vehicle_photos\ID_528_Truck.jpg
530,Car,0.4792220890522003,2856,2868,,0.0,60,No,No,vehicle_photos\ID_530_Car.jpg
531,Car,0.892694354057312,2857,2982,2968,37.34,60,No,Yes,vehicle_photos\ID_531_Car.jpg
535,Truck,0.4196537435054779,2865,2865,,0.0,60,No,No,vehicle_photos\ID_535_Truck.jpg
540,Truck,0.6458119750022888,2880,2977,,0.0,60,No,No,vehicle_photos\ID_540_Truck.jpg
543,Car,0.3660444915294647,2895,2895,,0.0,60,No,No,vehicle_photos\ID_543_Car.jpg
544,Car,0.3589029908180237,2901,2901,,0.0,60,No,No,vehicle_photos\ID_544_Car.jpg
549,Car,0.7299014329910278,2909,2914,,0.0,60,No,No,vehicle_photos\ID_549_Car.jpg
552,Car,0.37154895067214966,2915,2915,,0.0,60,No,No,vehicle_photos\ID_552_Car.jpg
554,Car,0.6185811161994934,2919,2920,,0.0,60,No,No,vehicle_photos\ID_554_Car.jpg
555,Car,0.831939160823822,2923,3128,3107,14.6,60,No,Yes,vehicle_photos\ID_555_Car.jpg
556,Car,0.4938424229621887,2924,2935,,0.0,60,No,No,vehicle_photos\ID_556_Car.jpg
558,Car,0.3933342397212982,2933,2934,,0.0,60,No,No,vehicle_photos\ID_558_Car.jpg
560,Car,0.8952362537384033,2936,3071,3059,42.41,60,No,Yes,vehicle_photos\ID_560_Car.jpg
561,Car,0.8810834884643555,2940,3115,3102,33.28,60,No,Yes,vehicle_photos\ID_561_Car.jpg
565,Truck,0.4776381552219391,2966,2969,,0.0,60,No,No,vehicle_photos\ID_565_Truck.jpg
567,Truck,0.7898350954055786,2972,3008,2999,37.2,60,No,Yes,vehicle_photos\ID_567_Truck.jpg
568,Car,0.5883367657661438,2984,3020,,0.0,60,No,No,vehicle_photos\ID_568_Car.jpg
571,Car,0.8838945031166077,3006,3198,3181,33.0,60,No,Yes,vehicle_photos\ID_571_Car.jpg
574,Car,0.9058487415313721,3016,3180,3164,33.28,60,No,Yes,vehicle_photos\ID_574_Car.jpg
575,Car,0.834185004234314,3016,3281,3261,15.65,60,No,Yes,vehicle_photos\ID_575_Car.jpg
577,Car,0.8330906629562378,3021,3223,3196,17.56,60,No,Yes,vehicle_photos\ID_577_Car.jpg
578,Car,0.5833426713943481,3053,3063,,0.0,60,No,No,vehicle_photos\ID_578_Car.jpg
579,Car,0.4297579228878021,3064,3082,,0.0,60,No,No,vehicle_photos\ID_579_Car.jpg
580,Car,0.8798194527626038,3093,3207,3193,33.88,60,No,Yes,vehicle_photos\ID_580_Car.jpg
581,Car,0.8397634029388428,3096,3264,3247,35.44,60,No,Yes,vehicle_photos\ID_581_Car.jpg
582,Car,0.8416069746017456,3119,3416,3349,6.71,60,No,Yes,vehicle_photos\ID_582_Car.jpg
583,Car,0.5544636249542236,3120,3120,,0.0,60,No,No,vehicle_photos\ID_583_Car.jpg
585,Car,0.8667650818824768,3128,3232,3215,31.75,60,No,Yes,vehicle_photos\ID_585_Car.jpg
586,Car,0.9051002860069275,3134,3294,3278,36.48,60,No,Yes,vehicle_photos\ID_586_Car.jpg
587,Car,0.7581003904342651,3175,3448,3418,10.1,60,No,Yes,vehicle_photos\ID_587_Car.jpg
588,Car,0.8766041994094849,3176,3319,3305,38.1,60,No,Yes,vehicle_photos\ID_588_Car.jpg
590,Car,0.8815932869911194,3209,3359,3342,33.62,60,No,Yes,vehicle_photos\ID_590_Car.jpg
591,Car,0.5322371125221252,3222,3256,,0.0,60,No,No,vehicle_photos\ID_591_Car.jpg
594,Car,0.5498639345169067,3279,3354,,0.0,60,No,No,vehicle_photos\ID_594_Car.jpg
596,Car,0.5091843008995056,3285,3287,,0.0,60,No,No,vehicle_photos\ID_596_Car.jpg
598,Car,0.83934485912323,3302,3489,3466,38.64,60,No,Yes,vehicle_photos\ID_598_Car.jpg
599,Truck,0.7927006483078003,3313,3453,3449,17.23,60,No,Yes,vehicle_photos\ID_599_Truck.jpg
601,Car,0.890078604221344,3316,3366,3338,21.37,60,No,Yes,vehicle_photos\ID_601_Car.jpg
603,Bus,0.3848611116409302,3350,3350,,0.0,60,No,No,vehicle_photos\ID_603_Bus.jpg
604,Bus,0.39318138360977173,3352,3352,,0.0,60,No,No,vehicle_photos\ID_604_Bus.jpg
605,Bus,0.6284352540969849,3353,3359,,0.0,60,No,No,vehicle_photos\ID_605_Bus.jpg
606,Bus,0.498793363571167,3363,3365,,0.0,60,No,No,vehicle_photos\ID_606_Bus.jpg
607,Car,0.4458179175853729,3363,3367,,0.0,60,No,No,vehicle_photos\ID_607_Car.jpg
608,Car,0.4972301125526428,3369,3370,,0.0,60,No,No,vehicle_photos\ID_608_Car.jpg
611,Truck,0.6130933165550232,3389,3391,,0.0,60,No,No,vehicle_photos\ID_611_Truck.jpg
612,Car,0.5881801247596741,3395,3424,,0.0,60,No,No,vehicle_photos\ID_612_Car.jpg
613,Truck,0.45997095108032227,3397,3398,,0.0,60,No,No,vehicle_photos\ID_613_Truck.jpg
617,Bus,0.6167972087860107,3403,3407,,0.0,60,No,No,vehicle_photos\ID_617_Bus.jpg
618,Car,0.7529953122138977,3406,3527,3516,35.16,60,No,Yes,vehicle_photos\ID_618_Car.jpg
624,Bus,0.5252394676208496,3427,3428,,0.0,60,No,No,vehicle_photos\ID_624_Bus.jpg
626,Bus,0.8008426427841187,3432,3456,3435,24.48,60,No,Yes,vehicle_photos\ID_626_Bus.jpg
627,Car,0.39483243227005005,3433,3438,,0.0,60,No,No,vehicle_photos\ID_627_Car.jpg
629,Car,0.810552716255188,3437,3712,3670,5.89,60,No,Yes,vehicle_photos\ID_629_Car.jpg
630,Car,0.8360342383384705,3447,3581,3563,31.95,60,No,Yes,vehicle_photos\ID_630_Car.jpg
632,Car,0.36521807312965393,3452,3452,,0.0,60,No,No,vehicle_photos\ID_632_Car.jpg
635,Bus,0.3739885687828064,3461,3461,,0.0,60,No,No,vehicle_photos\ID_635_Bus.jpg
637,Car,0.8869149088859558,3470,3585,3574,42.41,60,No,Yes,vehicle_photos\ID_637_Car.jpg
638,Car,0.4861171245574951,3474,3477,,0.0,60,No,No,vehicle_photos\ID_638_Car.jpg
641,Car,0.8767030835151672,3482,3661,3642,28.71,60,No,Yes,vehicle_photos\ID_641_Car.jpg
642,Car,0.888519823551178,3487,3538,3510,21.28,60,No,Yes,vehicle_photos\ID_642_Car.jpg
643,Truck,0.4487076699733734,3491,3495,,0.0,60,No,No,vehicle_photos\ID_643_Truck.jpg
644,Car,0.8534756898880005,3492,3650,3633,35.64,60,No,Yes,vehicle_photos\ID_644_Car.jpg
646,Truck,0.4173315465450287,3503,3503,,0.0,60,No,No,vehicle_photos\ID_646_Truck.jpg
647,Car,0.4783841669559479,3512,3514,,0.0,60,No,No,vehicle_photos\ID_647_Car.jpg
650,Truck,0.7931334972381592,3526,3532,,0.0,60,No,No,vehicle_photos\ID_650_Truck.jpg
651,Car,0.42391350865364075,3531,3531,,0.0,60,No,No,vehicle_photos\ID_651_Car.jpg
652,Truck,0.39170220494270325,3552,3553,,0.0,60,No,No,vehicle_photos\ID_652_Truck.jpg
654,Car,0.8949825763702393,3566,3763,3747,31.94,60,No,Yes,vehicle_photos\ID_654_Car.jpg
656,Truck,0.39961349964141846,3610,3611,,0.0,60,No,No,vehicle_photos\ID_656_Truck.jpg
657,Car,0.38249707221984863,3617,3618,,0.0,60,No,No,vehicle_photos\ID_657_Car.jpg
658,Car,0.8929736614227295,3635,3693,3662,19.13,60,No,Yes,vehicle_photos\ID_658_Car.jpg
661,Truck,0.36170509457588196,3653,3653,,0.0,60,No,No,vehicle_photos\ID_661_Truck.jpg
664,Car,0.8368913531303406,3672,3904,3888,30.1,60,No,Yes,vehicle_photos\ID_664_Car.jpg
666,Truck,0.44572409987449646,3675,3676,,0.0,60,No,No,vehicle_photos\ID_666_Truck.jpg
667,Truck,0.5271009206771851,3680,3686,,0.0,60,No,No,vehicle_photos\ID_667_Truck.jpg
669,Truck,0.4250308573246002,3694,3697,,0.0,60,No,No,vehicle_photos\ID_669_Truck.jpg
671,Truck,0.3818397521972656,3707,3708,,0.0,60,No,No,vehicle_photos\ID_671_Truck.jpg
673,Car,0.8344883322715759,3753,3932,3911,21.14,60,No,Yes,vehicle_photos\ID_673_Car.jpg
675,Car,0.8518368601799011,3774,3940,3924,33.62,60,No,Yes,vehicle_photos\ID_675_Car.jpg
680,Car,0.8597264289855957,3810,4054,4030,15.05,60,No,Yes,vehicle_photos\ID_680_Car.jpg
681,Car,0.9038310647010803,3811,3968,3953,32.48,60,No,Yes,vehicle_photos\ID_681_Car.jpg
682,Car,0.8028224110603333,3816,3936,3921,25.01,60,No,Yes,vehicle_photos\ID_682_Car.jpg
683,Car,0.8784751892089844,3849,3984,3970,40.8,60,No,Yes,vehicle_photos\ID_683_Car.jpg
684,Car,0.5075036287307739,3873,3901,,0.0,60,No,No,vehicle_photos\ID_684_Car.jpg
687,Car,0.8532641530036926,3914,4322,4187,3.6,60,No,Yes,vehicle_photos\ID_687_Car.jpg
690,Truck,0.9135230183601379,3919,4084,4061,41.16,60,No,Yes,vehicle_photos\ID_690_Truck.jpg
693,Car,0.3674023747444153,3933,3934,,0.0,60,No,No,vehicle_photos\ID_693_Car.jpg
695,Car,0.8992512822151184,3942,4135,4117,29.55,60,No,Yes,vehicle_photos\ID_695_Car.jpg
700,Car,0.8242899179458618,3990,4496,4419,2.4,60,No,Yes,vehicle_photos\ID_700_Car.jpg
702,Car,0.8615075349807739,4015,4185,4163,27.63,60,No,Yes,vehicle_photos\ID_702_Car.jpg
703,Car,0.8538603186607361,4016,4189,4171,30.2,60,No,Yes,vehicle_photos\ID_703_Car.jpg
705,Car,0.3733513355255127,4035,4067,,0.0,60,No,No,vehicle_photos\ID_705_Car.jpg
707,Bus,0.9470365047454834,4046,4109,4086,28.28,60,No,Yes,vehicle_photos\ID_707_Bus.jpg
708,Car,0.8646413087844849,4047,4153,4136,30.1,60,No,Yes,vehicle_photos\ID_708_Car.jpg
709,Car,0.8174864053726196,4051,4573,4530,10.27,60,No,Yes,vehicle_photos\ID_709_Car.jpg
710,Car,0.8127825856208801,4063,4226,4207,29.55,60,No,Yes,vehicle_photos\ID_710_Car.jpg
711,Car,0.8375716805458069,4068,4209,4187,26.14,60,No,Yes,vehicle_photos\ID_711_Car.jpg
712,Car,0.8476969599723816,4073,4654,4607,10.36,60,No,Yes,vehicle_photos\ID_712_Car.jpg
714,Car,0.5333115458488464,4080,4104,,0.0,60,No,No,vehicle_photos\ID_714_Car.jpg
720,Bus,0.47607818245887756,4109,4109,,0.0,60,No,No,vehicle_photos\ID_720_Bus.jpg
721,Car,0.4177703559398651,4113,4115,,0.0,60,No,No,vehicle_photos\ID_721_Car.jpg
722,Car,0.8028754591941833,4114,4309,4287,24.15,60,No,Yes,vehicle_photos\ID_722_Car.jpg
723,Car,0.8213399052619934,4116,4273,4251,25.07,60,No,Yes,vehicle_photos\ID_723_Car.jpg
724,Car,0.8045393824577332,4124,4253,4240,27.79,60,No,Yes,vehicle_photos\ID_724_Car.jpg
729,Truck,0.8190177083015442,4136,4190,4164,19.32,60,No,Yes,vehicle_photos\ID_729_Truck.jpg
731,Car,0.6468955874443054,4138,4146,,0.0,60,No,No,vehicle_photos\ID_731_Car.jpg
732,Truck,0.5156615972518921,4142,4147,,0.0,60,No,No,vehicle_photos\ID_732_Truck.jpg
735,Car,0.8830549716949463,4149,4341,4319,24.86,60,No,Yes,vehicle_photos\ID_735_Car.jpg
737,Truck,0.621106743812561,4152,4156,,0.0,60,No,No,vehicle_photos\ID_737_Truck.jpg
742,Car,0.8403605818748474,4162,4876,4759,3.18,60,No,Yes,vehicle_photos\ID_742_Car.jpg
743,Truck,0.5971413254737854,4167,4171,,0.0,60,No,No,vehicle_photos\ID_743_Truck.jpg
747,Car,0.4008796811103821,4173,4175,,0.0,60,No,No,vehicle_photos\ID_747_Car.jpg
749,Car,0.8274937868118286,4175,4292,4269,27.13,60,No,Yes,vehicle_photos\ID_749_Car.jpg
751,Bus,0.3628274202346802,4182,4182,,0.0,60,No,No,vehicle_photos\ID_751_Bus.jpg
752,Car,0.8256406188011169,4189,4328,4304,25.63,60,No,Yes,vehicle_photos\ID_752_Car.jpg
753,Car,0.8759114146232605,4197,4386,4365,26.32,60,No,Yes,vehicle_photos\ID_753_Car.jpg
754,Car,0.8599758148193359,4198,4362,4342,29.79,60,No,Yes,vehicle_photos\ID_754_Car.jpg
756,Car,0.8630354404449463,4201,4259,4225,21.23,60,No,Yes,vehicle_photos\ID_756_Car.jpg
757,Car,0.5751280784606934,4213,4305,,0.0,60,No,No,vehicle_photos\ID_757_Car.jpg
759,Car,0.8281688690185547,4227,4287,4255,19.21,60,No,Yes,vehicle_photos\ID_759_Car.jpg
760,Car,0.8289201259613037,4232,4923,4889,10.22,60,No,Yes,vehicle_photos\ID_760_Car.jpg
761,Bus,0.7716837525367737,4253,4262,,0.0,60,No,No,vehicle_photos\ID_761_Bus.jpg
763,Car,0.8023974299430847,4276,4994,4957,9.78,60,No,Yes,vehicle_photos\ID_763_Car.jpg
766,Truck,0.8112781643867493,4300,4492,4443,30.6,60,No,Yes,vehicle_photos\ID_766_Truck.jpg
767,Car,0.739714503288269,4339,5142,5112,6.24,60,No,Yes,vehicle_photos\ID_767_Car.jpg
772,Car,0.8932235240936279,4358,4529,4503,22.06,60,No,Yes,vehicle_photos\ID_772_Car.jpg
773,Car,0.4475392699241638,4371,4387,,0.0,60,No,No,vehicle_photos\ID_773_Car.jpg
776,Car,0.7133830785751343,4410,4451,4436,23.43,60,No,Yes,vehicle_photos\ID_776_Car.jpg
777,Truck,0.5784514546394348,4411,4447,4447,30.02,60,No,Yes,vehicle_photos\ID_777_Truck.jpg
778,Car,0.5431811213493347,4411,4518,,0.0,60,No,No,vehicle_photos\ID_778_Car.jpg
780,Car,0.5076032876968384,4439,4439,,0.0,60,No,No,vehicle_photos\ID_780_Car.jpg
783,Truck,0.6948592066764832,4451,4456,,0.0,60,No,No,vehicle_photos\ID_783_Truck.jpg
784,Car,0.881868839263916,4453,4638,4620,27.37,60,No,Yes,vehicle_photos\ID_784_Car.jpg
786,Car,0.8553845286369324,4455,4679,4659,27.66,60,No,Yes,vehicle_photos\ID_786_Car.jpg
788,Car,0.38641130924224854,4482,4482,,0.0,60,No,No,vehicle_photos\ID_788_Car.jpg
791,Car,0.5075575113296509,4500,4692,,0.0,60,No,No,vehicle_photos\ID_791_Car.jpg
792,Car,0.36013689637184143,4501,4503,,0.0,60,No,No,vehicle_photos\ID_792_Car.jpg
793,Car,0.4295637309551239,4523,4543,,0.0,60,No,No,vehicle_photos\ID_793_Car.jpg
795,Car,0.45303875207901,4535,4665,,0.0,60,No,No,vehicle_photos\ID_795_Car.jpg
796,Car,0.41830119490623474,4536,4537,,0.0,60,No,No,vehicle_photos\ID_796_Car.jpg
798,Car,0.8491829633712769,4547,4688,4669,28.3,60,No,Yes,vehicle_photos\ID_798_Car.jpg
799,Car,0.472168892621994,4549,4560,,0.0,60,No,No,vehicle_photos\ID_799_Car.jpg
800,Car,0.836712121963501,4570,4741,4722,32.16,60,No,Yes,vehicle_photos\ID_800_Car.jpg
801,Car,0.5869432091712952,4572,4629,,0.0,60,No,No,vehicle_photos\ID_801_Car.jpg
803,Car,0.8776292204856873,4581,4771,4751,28.71,60,No,Yes,vehicle_photos\ID_803_Car.jpg
806,Car,0.8052787184715271,4638,5213,5171,9.23,60,No,Yes,vehicle_photos\ID_806_Car.jpg
810,Car,0.5273188948631287,4648,4702,,0.0,60,No,No,vehicle_photos\ID_810_Car.jpg
811,Car,0.8258823156356812,4652,4818,4795,27.13,60,No,Yes,vehicle_photos\ID_811_Car.jpg
813,Car,0.4191974103450775,4660,4663,,0.0,60,No,No,vehicle_photos\ID_813_Car.jpg
816,Car,0.8375429511070251,4673,4835,4812,26.08,60,No,Yes,vehicle_photos\ID_816_Car.jpg
821,Car,0.4533608853816986,4686,4711,,0.0,60,No,No,vehicle_photos\ID_821_Car.jpg
823,Car,0.4327690899372101,4696,4696,,0.0,60,No,No,vehicle_photos\ID_823_Car.jpg
825,Car,0.8547975420951843,4703,4850,4828,29.3,60,No,Yes,vehicle_photos\ID_825_Car.jpg
827,Car,0.7863047122955322,4704,5265,5231,11.14,60,No,Yes,vehicle_photos\ID_827_Car.jpg
830,Car,0.8906928896903992,4711,4766,4738,23.43,60,No,Yes,vehicle_photos\ID_830_Car.jpg
832,Truck,0.42724665999412537,4716,4716,,0.0,60,No,No,vehicle_photos\ID_832_Truck.jpg
834,Car,0.8647174835205078,4721,4916,4884,22.0,60,No,Yes,vehicle_photos\ID_834_Car.jpg
835,Car,0.4558303654193878,4727,4742,,0.0,60,No,No,vehicle_photos\ID_835_Car.jpg
836,Car,0.8862321972846985,4728,4971,4934,17.65,60,No,Yes,vehicle_photos\ID_836_Car.jpg
838,Car,0.4257887005805969,4735,4735,,0.0,60,No,No,vehicle_photos\ID_838_Car.jpg
839,Car,0.545285701751709,4741,4757,,0.0,60,No,No,vehicle_photos\ID_839_Car.jpg
848,Car,0.7759715914726257,4756,4873,4846,24.51,60,No,Yes,vehicle_photos\ID_848_Car.jpg
849,Car,0.6582580804824829,4757,5303,,0.0,60,No,No,vehicle_photos\ID_849_Car.jpg
852,Car,0.3634670376777649,4767,4774,,0.0,60,No,No,vehicle_photos\ID_852_Car.jpg
855,Car,0.6884868144989014,4775,4775,,0.0,60,No,No,vehicle_photos\ID_855_Car.jpg
856,Car,0.8815101981163025,4784,5044,5009,16.51,60,No,Yes,vehicle_photos\ID_856_Car.jpg
858,Car,0.7429116368293762,4791,4937,4924,34.11,60,No,Yes,vehicle_photos\ID_858_Car.jpg
860,Car,0.7152882218360901,4795,4803,,0.0,60,No,No,vehicle_photos\ID_860_Car.jpg
863,Truck,0.3989068865776062,4802,4803,,0.0,60,No,No,vehicle_photos\ID_863_Truck.jpg
864,Truck,0.844105064868927,4803,4836,4811,23.78,60,No,Yes,vehicle_photos\ID_864_Truck.jpg
865,Car,0.42016157507896423,4803,4804,,0.0,60,No,No,vehicle_photos\ID_865_Car.jpg
866,Car,0.8750433921813965,4829,5192,5111,11.59,60,No,Yes,vehicle_photos\ID_866_Car.jpg
867,Truck,0.3695474863052368,4846,4846,,0.0,60,No,No,vehicle_photos\ID_867_Truck.jpg
868,Car,0.8492298126220703,4850,5020,5002,33.28,60,No,Yes,vehicle_photos\ID_868_Car.jpg
870,Car,0.6180046796798706,4872,4889,,0.0,60,No,No,vehicle_photos\ID_870_Car.jpg
873,Truck,0.5914861559867859,4885,4886,,0.0,60,No,No,vehicle_photos\ID_873_Truck.jpg
874,Car,0.4366143047809601,4886,4925,,0.0,60,No,No,vehicle_photos\ID_874_Car.jpg
875,Car,0.846289873123169,4893,5098,5054,16.71,60,No,Yes,vehicle_photos\ID_875_Car.jpg
880,Car,0.41801396012306213,4921,4941,,0.0,60,No,No,vehicle_photos\ID_880_Car.jpg
882,Car,0.8302204608917236,4924,5456,5233,4.84,60,No,Yes,vehicle_photos\ID_882_Car.jpg
887,Truck,0.4170273244380951,4939,4940,,0.0,60,No,No,vehicle_photos\ID_887_Truck.jpg
890,Truck,0.46203067898750305,4968,4971,,0.0,60,No,No,vehicle_photos\ID_890_Truck.jpg
891,Car,0.8124480843544006,4970,5103,5083,30.46,60,No,Yes,vehicle_photos\ID_891_Car.jpg
893,Car,0.3817026913166046,4993,4994,,0.0,60,No,No,vehicle_photos\ID_893_Car.jpg
894,Car,0.8660911321640015,5006,5652,5627,15.05,60,No,Yes,vehicle_photos\ID_894_Car.jpg
895,Car,0.80531907081604,5007,5099,,0.0,60,No,No,vehicle_photos\ID_895_Car.jpg
897,Car,0.8910017013549805,5009,5587,5416,3.23,60,No,Yes,vehicle_photos\ID_897_Car.jpg
898,Bus,0.4213211238384247,5017,5017,,0.0,60,No,No,vehicle_photos\ID_898_Bus.jpg
899,Car,0.8208059668540955,5018,5461,5419,10.84,60,No,Yes,vehicle_photos\ID_899_Car.jpg
903,Car,0.8415614366531372,5066,5200,5179,30.62,60,No,Yes,vehicle_photos\ID_903_Car.jpg
904,Car,0.7545223832130432,5069,5102,5083,27.0,60,No,Yes,vehicle_photos\ID_904_Car.jpg
906,Car,0.8479791879653931,5087,5533,5494,11.65,60,No,Yes,vehicle_photos\ID_906_Car.jpg
907,Car,0.40483349561691284,5089,5090,,0.0,60,No,No,vehicle_photos\ID_907_Car.jpg
914,Car,0.7581014633178711,5102,5140,5118,26.73,60,No,Yes,vehicle_photos\ID_914_Car.jpg
920,Car,0.7853052020072937,5120,5362,5336,23.77,60,No,Yes,vehicle_photos\ID_920_Car.jpg
922,Car,0.8689270615577698,5122,5675,5585,3.23,60,No,Yes,vehicle_photos\ID_922_Car.jpg
926,Car,0.44098100066185,5142,5168,,0.0,60,No,No,vehicle_photos\ID_926_Car.jpg
927,Truck,0.3791641891002655,5145,5145,,0.0,60,No,No,vehicle_photos\ID_927_Truck.jpg
930,Car,0.8875453472137451,5170,5732,5686,10.25,60,No,Yes,vehicle_photos\ID_930_Car.jpg
931,Car,0.7619041800498962,5176,5601,5569,15.27,60,No,Yes,vehicle_photos\ID_931_Car.jpg
937,Car,0.6910325288772583,5211,5272,,0.0,60,No,No,vehicle_photos\ID_937_Car.jpg
938,Car,0.8414944410324097,5239,5434,5401,22.32,60,No,Yes,vehicle_photos\ID_938_Car.jpg
939,Car,0.7622531652450562,5247,6014,5897,1.64,60,No,Yes,vehicle_photos\ID_939_Car.jpg
940,Car,0.6563612818717957,5249,5285,,0.0,60,No,No,vehicle_photos\ID_940_Car.jpg
942,Bus,0.3993384838104248,5251,5251,,0.0,60,No,No,vehicle_photos\ID_942_Bus.jpg
946,Bus,0.3582526445388794,5271,5271,,0.0,60,No,No,vehicle_photos\ID_946_Bus.jpg
947,Truck,0.46368637681007385,5274,5275,,0.0,60,No,No,vehicle_photos\ID_947_Truck.jpg
949,Car,0.353811651468277,5282,5284,,0.0,60,No,No,vehicle_photos\ID_949_Car.jpg
951,Truck,0.5347548723220825,5283,5288,,0.0,60,No,No,vehicle_photos\ID_951_Truck.jpg
952,Car,0.5445092916488647,5288,5345,,0.0,60,No,No,vehicle_photos\ID_952_Car.jpg
954,Car,0.4172288179397583,5293,5303,,0.0,60,No,No,vehicle_photos\ID_954_Car.jpg
956,Car,0.4131966233253479,5296,5296,,0.0,60,No,No,vehicle_photos\ID_956_Car.jpg
957,Car,0.37763455510139465,5300,5300,,0.0,60,No,No,vehicle_photos\ID_957_Car.jpg
958,Car,0.42296144366264343,5301,5320,,0.0,60,No,No,vehicle_photos\ID_958_Car.jpg
960,Bus,0.4525661766529083,5306,5306,,0.0,60,No,No,vehicle_photos\ID_960_Bus.jpg
961,Bus,0.40815049409866333,5309,5309,,0.0,60,No,No,vehicle_photos\ID_961_Bus.jpg
966,Truck,0.40906286239624023,5322,5323,,0.0,60,No,No,vehicle_photos\ID_966_Truck.jpg
967,Car,0.6717076301574707,5324,5529,,0.0,60,No,No,vehicle_photos\ID_967_Car.jpg
968,Truck,0.6399975419044495,5325,5352,,0.0,60,No,No,vehicle_photos\ID_968_Truck.jpg
969,Car,0.47355878353118896,5326,5368,,0.0,60,No,No,vehicle_photos\ID_969_Car.jpg
972,Car,0.48427814245224,5331,5341,,0.0,60,No,No,vehicle_photos\ID_972_Car.jpg
973,Car,0.3732181489467621,5337,5337,,0.0,60,No,No,vehicle_photos\ID_973_Car.jpg
977,Car,0.8005673289299011,5343,5493,5466,25.15,60,No,Yes,vehicle_photos\ID_977_Car.jpg
980,Car,0.35684293508529663,5350,5350,,0.0,60,No,No,vehicle_photos\ID_980_Car.jpg
982,Truck,0.689464271068573,5352,5355,,0.0,60,No,No,vehicle_photos\ID_982_Truck.jpg
988,Car,0.3899180591106415,5359,5364,,0.0,60,No,No,vehicle_photos\ID_988_Car.jpg
991,Car,0.5549628138542175,5377,5489,,0.0,60,No,No,vehicle_photos\ID_991_Car.jpg
993,Bus,0.43046435713768005,5384,5387,,0.0,60,No,No,vehicle_photos\ID_993_Bus.jpg
994,Car,0.7547266483306885,5385,5426,5403,20.52,60,No,Yes,vehicle_photos\ID_994_Car.jpg
995,Car,0.81525057554245,5388,5548,5523,26.3,60,No,Yes,vehicle_photos\ID_995_Car.jpg
996,Car,0.6156442761421204,5389,5437,,0.0,60,No,No,vehicle_photos\ID_996_Car.jpg
1001,Car,0.8364578485488892,5429,5592,5566,23.98,60,No,Yes,vehicle_photos\ID_1001_Car.jpg
1002,Car,0.8281199336051941,5435,6083,6043,8.49,60,No,Yes,vehicle_photos\ID_1002_Car.jpg
1003,Car,0.465071439743042,5437,5455,,0.0,60,No,No,vehicle_photos\ID_1003_Car.jpg
1006,Car,0.5221027135848999,5466,5487,,0.0,60,No,No,vehicle_photos\ID_1006_Car.jpg
1011,Car,0.37325921654701233,5474,5489,,0.0,60,No,No,vehicle_photos\ID_1011_Car.jpg
1016,Car,0.37405288219451904,5514,5520,,0.0,60,No,No,vehicle_photos\ID_1016_Car.jpg
1018,Car,0.632421612739563,5519,5593,,0.0,60,No,No,vehicle_photos\ID_1018_Car.jpg
1019,Car,0.7741503715515137,5521,5655,5633,26.96,60,No,Yes,vehicle_photos\ID_1019_Car.jpg
1021,Car,0.37731030583381653,5537,5538,,0.0,60,No,No,vehicle_photos\ID_1021_Car.jpg
1022,Car,0.8453009128570557,5537,6035,5990,12.37,60,No,Yes,vehicle_photos\ID_1022_Car.jpg
1024,Car,0.43047863245010376,5543,5547,,0.0,60,No,No,vehicle_photos\ID_1024_Car.jpg
1025,Car,0.4296501874923706,5545,5566,,0.0,60,No,No,vehicle_photos\ID_1025_Car.jpg
1028,Bus,0.4619709551334381,5554,5556,,0.0,60,No,No,vehicle_photos\ID_1028_Bus.jpg
1029,Car,0.5559362769126892,5559,5565,,0.0,60,No,No,vehicle_photos\ID_1029_Car.jpg
1030,Car,0.5397558808326721,5563,5677,,0.0,60,No,No,vehicle_photos\ID_1030_Car.jpg
1031,Car,0.832700788974762,5565,5699,5676,28.96,60,No,Yes,vehicle_photos\ID_1031_Car.jpg
1032,Car,0.8903098702430725,5590,5864,5817,11.59,60,No,Yes,vehicle_photos\ID_1032_Car.jpg
1033,Car,0.8592705130577087,5593,5989,5938,10.48,60,No,Yes,vehicle_photos\ID_1033_Car.jpg
1034,Car,0.39065176248550415,5595,5599,,0.0,60,No,No,vehicle_photos\ID_1034_Car.jpg
1035,Car,0.356100857257843,5599,5599,,0.0,60,No,No,vehicle_photos\ID_1035_Car.jpg
1037,Car,0.4473719000816345,5604,5642,,0.0,60,No,No,vehicle_photos\ID_1037_Car.jpg
1039,Car,0.39062589406967163,5613,5614,,0.0,60,No,No,vehicle_photos\ID_1039_Car.jpg
1041,Car,0.5247390866279602,5616,5632,,0.0,60,No,No,vehicle_photos\ID_1041_Car.jpg
1045,Car,0.8414585590362549,5623,5763,5741,30.84,60,No,Yes,vehicle_photos\ID_1045_Car.jpg
1048,Car,0.4230736494064331,5634,5636,,0.0,60,No,No,vehicle_photos\ID_1048_Car.jpg
1050,Car,0.47263118624687195,5647,5658,,0.0,60,No,No,vehicle_photos\ID_1050_Car.jpg
1051,Car,0.8713989853858948,5651,5814,5762,11.03,60,No,Yes,vehicle_photos\ID_1051_Car.jpg
1053,Car,0.8199900388717651,5660,6174,6151,11.4,60,No,Yes,vehicle_photos\ID_1053_Car.jpg
1054,Car,0.4614499807357788,5666,5741,,0.0,60,No,No,vehicle_photos\ID_1054_Car.jpg
1055,Car,0.7973877191543579,5668,5841,,0.0,60,No,No,vehicle_photos\ID_1055_Car.jpg
1058,Car,0.5744609832763672,5677,6017,,0.0,60,No,No,vehicle_photos\ID_1058_Car.jpg
1061,Car,0.8874650597572327,5682,5736,5703,19.94,60,No,Yes,vehicle_photos\ID_1061_Car.jpg
1062,Car,0.6643472909927368,5684,5990,,0.0,60,No,No,vehicle_photos\ID_1062_Car.jpg
1063,Car,0.4311457872390747,5693,5696,,0.0,60,No,No,vehicle_photos\ID_1063_Car.jpg
1064,Car,0.3788582384586334,5743,5747,,0.0,60,No,No,vehicle_photos\ID_1064_Car.jpg
1065,Car,0.7619917392730713,5751,6419,,0.0,60,No,No,vehicle_photos\ID_1065_Car.jpg
1066,Car,0.4416196346282959,5764,5856,,0.0,60,No,No,vehicle_photos\ID_1066_Car.jpg
1067,Car,0.5815442204475403,5764,5917,,0.0,60,No,No,vehicle_photos\ID_1067_Car.jpg
1068,Car,0.3869052827358246,5764,5765,,0.0,60,No,No,vehicle_photos\ID_1068_Car.jpg
1069,Truck,0.3508152663707733,5768,5768,,0.0,60,No,No,vehicle_photos\ID_1069_Truck.jpg
1070,Car,0.8979281187057495,5776,6134,6104,19.07,60,No,Yes,vehicle_photos\ID_1070_Car.jpg
1071,Car,0.8235391974449158,5796,5927,5903,28.68,60,No,Yes,vehicle_photos\ID_1071_Car.jpg
1072,Truck,0.37438052892684937,5797,5800,,0.0,60,No,No,vehicle_photos\ID_1072_Truck.jpg
1074,Car,0.8062964081764221,5823,5961,5940,30.84,60,No,Yes,vehicle_photos\ID_1074_Car.jpg
1078,Car,0.45411139726638794,5831,5864,,0.0,60,No,No,vehicle_photos\ID_1078_Car.jpg
1079,Truck,0.6171488165855408,5831,5864,5851,31.21,60,No,Yes,vehicle_photos\ID_1079_Truck.jpg
1080,Car,0.8194157481193542,5832,5874,5857,21.92,60,No,Yes,vehicle_photos\ID_1080_Car.jpg
1081,Truck,0.42067837715148926,5832,5833,,0.0,60,No,No,vehicle_photos\ID_1081_Truck.jpg
1082,Car,0.4620627164840698,5833,5835,,0.0,60,No,No,vehicle_photos\ID_1082_Car.jpg
1083,Car,0.4242859184741974,5833,5839,,0.0,60,No,No,vehicle_photos\ID_1083_Car.jpg
1086,Car,0.44855743646621704,5847,5848,,0.0,60,No,No,vehicle_photos\ID_1086_Car.jpg
1087,Truck,0.3739720284938812,5847,5850,,0.0,60,No,No,vehicle_photos\ID_1087_Truck.jpg
1091,Truck,0.5186097621917725,5854,5855,,0.0,60,No,No,vehicle_photos\ID_1091_Truck.jpg
1092,Car,0.47626349329948425,5863,5873,,0.0,60,No,No,vehicle_photos\ID_1092_Car.jpg
1096,Car,0.8548201322555542,5869,6054,6034,30.0,60,No,Yes,vehicle_photos\ID_1096_Car.jpg
1098,Car,0.8602302074432373,5873,6016,5996,30.13,60,No,Yes,vehicle_photos\ID_1098_Car.jpg
1099,Car,0.7573428153991699,5873,6079,6040,18.62,60,No,Yes,vehicle_photos\ID_1099_Car.jpg
1100,Bus,0.4566473364830017,5874,5874,,0.0,60,No,No,vehicle_photos\ID_1100_Bus.jpg
1101,Car,0.5065890550613403,5877,5883,,0.0,60,No,No,vehicle_photos\ID_1101_Car.jpg
1102,Car,0.8464881777763367,5881,5933,5905,24.22,60,No,Yes,vehicle_photos\ID_1102_Car.jpg
1105,Truck,0.38099148869514465,5890,5890,,0.0,60,No,No,vehicle_photos\ID_1105_Truck.jpg
1106,Car,0.3791424334049225,5892,5892,,0.0,60,No,No,vehicle_photos\ID_1106_Car.jpg
1108,Car,0.40226733684539795,5895,5896,,0.0,60,No,No,vehicle_photos\ID_1108_Car.jpg
1109,Car,0.430172860622406,5899,5904,,0.0,60,No,No,vehicle_photos\ID_1109_Car.jpg
1110,Car,0.5656889081001282,5909,5917,,0.0,60,No,No,vehicle_photos\ID_1110_Car.jpg
1113,Car,0.7151654958724976,5927,5972,5946,22.21,60,No,Yes,vehicle_photos\ID_1113_Car.jpg
1117,Bus,0.3616786599159241,5954,5954,,0.0,60,No,No,vehicle_photos\ID_1117_Bus.jpg
1118,Bus,0.3729589581489563,5957,5957,,0.0,60,No,No,vehicle_photos\ID_1118_Bus.jpg
1120,Truck,0.3708344101905823,5962,5963,,0.0,60,No,No,vehicle_photos\ID_1120_Truck.jpg
1121,Car,0.4900190234184265,5963,5965,,0.0,60,No,No,vehicle_photos\ID_1121_Car.jpg
1122,Car,0.858642578125,5965,6098,6077,29.46,60,No,Yes,vehicle_photos\ID_1122_Car.jpg
1124,Car,0.8769640326499939,5967,6217,6185,15.75,60,No,Yes,vehicle_photos\ID_1124_Car.jpg
1125,Truck,0.35769087076187134,5967,5967,,0.0,60,No,No,vehicle_photos\ID_1125_Truck.jpg
1126,Truck,0.4012056589126587,5972,5973,,0.0,60,No,No,vehicle_photos\ID_1126_Truck.jpg
1130,Truck,0.4122183918952942,5980,5983,,0.0,60,No,No,vehicle_photos\ID_1130_Truck.jpg
1133,Car,0.43368276953697205,6004,6005,,0.0,60,No,No,vehicle_photos\ID_1133_Car.jpg
1136,Car,0.8482531905174255,6034,6197,6177,30.62,60,No,Yes,vehicle_photos\ID_1136_Car.jpg
1137,Car,0.35607221722602844,6045,6045,,0.0,60,No,No,vehicle_photos\ID_1137_Car.jpg
1138,Truck,0.8631576299667358,6046,6330,6318,22.27,60,No,Yes,vehicle_photos\ID_1138_Truck.jpg
1139,Car,0.8306951522827148,6047,6290,6261,18.28,60,No,Yes,vehicle_photos\ID_1139_Car.jpg
1141,Car,0.39361855387687683,6055,6055,,0.0,60,No,No,vehicle_photos\ID_1141_Car.jpg
1142,Car,0.4001503884792328,6058,6059,,0.0,60,No,No,vehicle_photos\ID_1142_Car.jpg
1144,Bus,0.6026557087898254,6070,6075,,0.0,60,No,No,vehicle_photos\ID_1144_Bus.jpg
1145,Car,0.49701574444770813,6078,6119,,0.0,60,No,No,vehicle_photos\ID_1145_Car.jpg
1146,Car,0.4306280314922333,6085,6154,,0.0,60,No,No,vehicle_photos\ID_1146_Car.jpg
1147,Car,0.8367459177970886,6090,6246,6224,29.64,60,No,Yes,vehicle_photos\ID_1147_Car.jpg
1150,Car,0.8005995750427246,6097,6460,6234,9.02,60,No,Yes,vehicle_photos\ID_1150_Car.jpg
1151,Car,0.7991191744804382,6109,6518,6477,7.82,60,No,Yes,vehicle_photos\ID_1151_Car.jpg
1152,Truck,0.36612460017204285,6113,6114,,0.0,60,No,No,vehicle_photos\ID_1152_Truck.jpg
1154,Car,0.35821732878685,6125,6125,,0.0,60,No,No,vehicle_photos\ID_1154_Car.jpg
1158,Car,0.3708408772945404,6138,6138,,0.0,60,No,No,vehicle_photos\ID_1158_Car.jpg
1159,Car,0.7889894247055054,6141,6419,,0.0,60,No,No,vehicle_photos\ID_1159_Car.jpg
1161,Car,0.3577750325202942,6150,6150,,0.0,60,No,No,vehicle_photos\ID_1161_Car.jpg
1162,Truck,0.38360658288002014,6153,6153,,0.0,60,No,No,vehicle_photos\ID_1162_Truck.jpg
1165,Car,0.6440198421478271,6159,6222,,0.0,60,No,No,vehicle_photos\ID_1165_Car.jpg
1166,Car,0.7957828640937805,6168,6325,6305,31.45,60,No,Yes,vehicle_photos\ID_1166_Car.jpg
1167,Car,0.6008794903755188,6171,6219,,0.0,60,No,No,vehicle_photos\ID_1167_Car.jpg
1170,Car,0.5242208242416382,6224,6229,,0.0,60,No,No,vehicle_photos\ID_1170_Car.jpg
1171,Car,0.6011788249015808,6228,6464,,0.0,60,No,No,vehicle_photos\ID_1171_Car.jpg
1175,Truck,0.4117741286754608,6242,6243,,0.0,60,No,No,vehicle_photos\ID_1175_Truck.jpg
1177,Car,0.8796319365501404,6245,6380,6361,31.97,60,No,Yes,vehicle_photos\ID_1177_Car.jpg
1179,Bus,0.37329867482185364,6248,6248,,0.0,60,No,No,vehicle_photos\ID_1179_Bus.jpg
1180,Car,0.8361179232597351,6251,6398,6370,21.75,60,No,Yes,vehicle_photos\ID_1180_Car.jpg
1182,Truck,0.37497642636299133,6253,6253,,0.0,60,No,No,vehicle_photos\ID_1182_Truck.jpg
1183,Car,0.7824521660804749,6254,6761,6741,13.81,60,No,Yes,vehicle_photos\ID_1183_Car.jpg
1184,Car,0.8212539553642273,6254,6461,6438,23.07,60,No,Yes,vehicle_photos\ID_1184_Car.jpg
1186,Truck,0.4628422260284424,6259,6262,,0.0,60,No,No,vehicle_photos\ID_1186_Truck.jpg
1187,Bus,0.3500051200389862,6261,6261,,0.0,60,No,No,vehicle_photos\ID_1187_Bus.jpg
1188,Car,0.8333067893981934,6261,6898,6844,7.8,60,No,Yes,vehicle_photos\ID_1188_Car.jpg
1189,Car,0.40648531913757324,6272,6275,,0.0,60,No,No,vehicle_photos\ID_1189_Car.jpg
1191,Car,0.7620912194252014,6276,6436,6416,30.48,60,No,Yes,vehicle_photos\ID_1191_Car.jpg
1194,Car,0.8046762943267822,6286,6508,6485,23.95,60,No,Yes,vehicle_photos\ID_1194_Car.jpg
1195,Truck,0.3680567145347595,6287,6287,,0.0,60,No,No,vehicle_photos\ID_1195_Truck.jpg
1196,Truck,0.39013224840164185,6290,6290,,0.0,60,No,No,vehicle_photos\ID_1196_Truck.jpg
1197,Bus,0.38183796405792236,6294,6294,,0.0,60,No,No,vehicle_photos\ID_1197_Bus.jpg
1200,Truck,0.506402850151062,6299,6300,,0.0,60,No,No,vehicle_photos\ID_1200_Truck.jpg
1201,Truck,0.504806399345398,6303,6305,,0.0,60,No,No,vehicle_photos\ID_1201_Truck.jpg
1202,Car,0.5208073854446411,6308,6324,,0.0,60,No,No,vehicle_photos\ID_1202_Car.jpg
1205,Car,0.88260418176651,6314,6360,6330,23.77,60,No,Yes,vehicle_photos\ID_1205_Car.jpg
1206,Truck,0.3633083999156952,6314,6314,,0.0,60,No,No,vehicle_photos\ID_1206_Truck.jpg
1207,Bus,0.4314725697040558,6319,6320,,0.0,60,No,No,vehicle_photos\ID_1207_Bus.jpg
1212,Car,0.44187313318252563,6329,6345,,0.0,60,No,No,vehicle_photos\ID_1212_Car.jpg
1213,Truck,0.6110087037086487,6330,6339,,0.0,60,No,No,vehicle_photos\ID_1213_Truck.jpg
1214,Truck,0.39853766560554504,6333,6333,,0.0,60,No,No,vehicle_photos\ID_1214_Truck.jpg
1215,Car,0.48686397075653076,6336,6358,,0.0,60,No,No,vehicle_photos\ID_1215_Car.jpg
1217,Car,0.8125956058502197,6338,6470,6450,30.29,60,No,Yes,vehicle_photos\ID_1217_Car.jpg
1218,Truck,0.4645625650882721,6340,6340,,0.0,60,No,No,vehicle_photos\ID_1218_Truck.jpg
1219,Car,0.4294791519641876,6341,6360,,0.0,60,No,No,vehicle_photos\ID_1219_Car.jpg
1221,Car,0.795961320400238,6347,6509,6490,28.86,60,No,Yes,vehicle_photos\ID_1221_Car.jpg
1224,Truck,0.3974691927433014,6357,6359,,0.0,60,No,No,vehicle_photos\ID_1224_Truck.jpg
1226,Car,0.44848284125328064,6359,6389,,0.0,60,No,No,vehicle_photos\ID_1226_Car.jpg
1230,Car,0.8655300140380859,6370,6414,6386,21.67,60,No,Yes,vehicle_photos\ID_1230_Car.jpg
1233,Car,0.8587419390678406,6374,6599,6578,26.58,60,No,Yes,vehicle_photos\ID_1233_Car.jpg
1234,Car,0.8438326716423035,6374,6558,6534,25.23,60,No,Yes,vehicle_photos\ID_1234_Car.jpg
1236,Truck,0.4412064850330353,6378,6379,,0.0,60,No,No,vehicle_photos\ID_1236_Truck.jpg
1237,Truck,0.42124420404434204,6378,6380,,0.0,60,No,No,vehicle_photos\ID_1237_Truck.jpg
1238,Car,0.5484576225280762,6380,6440,,0.0,60,No,No,vehicle_photos\ID_1238_Car.jpg
1239,Truck,0.3678750693798065,6382,6382,,0.0,60,No,No,vehicle_photos\ID_1239_Truck.jpg
1240,Car,0.6747151613235474,6402,6637,,0.0,60,No,No,vehicle_photos\ID_1240_Car.jpg
1247,Car,0.5485549569129944,6432,6501,,0.0,60,No,No,vehicle_photos\ID_1247_Car.jpg
1252,Car,0.49759796261787415,6447,6448,,0.0,60,No,No,vehicle_photos\ID_1252_Car.jpg
1253,Car,0.4244208335876465,6450,6453,,0.0,60,No,No,vehicle_photos\ID_1253_Car.jpg
1256,Car,0.7451329231262207,6456,6641,6601,8.49,60,No,Yes,vehicle_photos\ID_1256_Car.jpg
1262,Car,0.3588263988494873,6470,6470,,0.0,60,No,No,vehicle_photos\ID_1262_Car.jpg
1267,Car,0.5156497359275818,6499,6551,,0.0,60,No,No,vehicle_photos\ID_1267_Car.jpg
1268,Car,0.7016162276268005,6504,6702,6677,12.4,60,No,Yes,vehicle_photos\ID_1268_Car.jpg
1270,Car,0.5216789245605469,6529,6691,,0.0,60,No,No,vehicle_photos\ID_1270_Car.jpg
1272,Truck,0.35427358746528625,6551,6551,,0.0,60,No,No,vehicle_photos\ID_1272_Truck.jpg
1273,Car,0.36745601892471313,6558,6573,,0.0,60,No,No,vehicle_photos\ID_1273_Car.jpg
1275,Car,0.8771250247955322,6566,6599,6586,20.05,60,No,Yes,vehicle_photos\ID_1275_Car.jpg
1277,Truck,0.3763699233531952,6598,6598,,0.0,60,No,No,vehicle_photos\ID_1277_Truck.jpg
1278,Bus,0.41539299488067627,6598,6630,,0.0,60,No,No,vehicle_photos\ID_1278_Bus.jpg
1279,Truck,0.7287415266036987,6599,6610,,0.0,60,No,No,vehicle_photos\ID_1279_Truck.jpg
1280,Bus,0.436397522687912,6638,6638,,0.0,60,No,No,vehicle_photos\ID_1280_Bus.jpg
1281,Bus,0.3927861750125885,6641,6641,,0.0,60,No,No,vehicle_photos\ID_1281_Bus.jpg
1282,Car,0.721542477607727,6647,6869,,0.0,60,No,No,vehicle_photos\ID_1282_Car.jpg
1283,Bus,0.41167643666267395,6656,6657,,0.0,60,No,No,vehicle_photos\ID_1283_Bus.jpg
1285,Bus,0.7744132280349731,6659,6776,6770,34.05,60,No,Yes,vehicle_photos\ID_1285_Bus.jpg
1287,Car,0.8075440526008606,6673,6763,,0.0,60,No,No,vehicle_photos\ID_1287_Car.jpg
1289,Truck,0.3892483413219452,6690,6691,,0.0,60,No,No,vehicle_photos\ID_1289_Truck.jpg
1291,Bus,0.3511584997177124,6696,6696,,0.0,60,No,No,vehicle_photos\ID_1291_Bus.jpg
1295,Car,0.6055191159248352,6719,6767,,0.0,60,No,No,vehicle_photos\ID_1295_Car.jpg
1296,Car,0.8016674518585205,6722,7003,6974,12.66,60,No,Yes,vehicle_photos\ID_1296_Car.jpg
1298,Truck,0.7828873991966248,6728,6928,6897,28.5,60,No,Yes,vehicle_photos\ID_1298_Truck.jpg
1302,Bus,0.6020014882087708,6736,6740,,0.0,60,No,No,vehicle_photos\ID_1302_Bus.jpg
1303,Car,0.8296986818313599,6736,7058,7030,13.81,60,No,Yes,vehicle_photos\ID_1303_Car.jpg
1304,Truck,0.4094066619873047,6737,6738,,0.0,60,No,No,vehicle_photos\ID_1304_Truck.jpg
1307,Bus,0.5544494986534119,6750,6751,,0.0,60,No,No,vehicle_photos\ID_1307_Bus.jpg
1308,Truck,0.36114031076431274,6751,6751,,0.0,60,No,No,vehicle_photos\ID_1308_Truck.jpg
1310,Car,0.37091296911239624,6757,6761,,0.0,60,No,No,vehicle_photos\ID_1310_Car.jpg
1311,Car,0.4492029547691345,6758,6759,,0.0,60,No,No,vehicle_photos\ID_1311_Car.jpg
1314,Bus,0.5352860689163208,6761,6762,,0.0,60,No,No,vehicle_photos\ID_1314_Bus.jpg
1317,Bus,0.4383707344532013,6767,6768,,0.0,60,No,No,vehicle_photos\ID_1317_Bus.jpg
1318,Bus,0.5273314714431763,6771,6776,,0.0,60,No,No,vehicle_photos\ID_1318_Bus.jpg
1325,Truck,0.5033625960350037,6782,6810,,0.0,60,No,No,vehicle_photos\ID_1325_Truck.jpg
1326,Car,0.417886346578598,6786,6796,,0.0,60,No,No,vehicle_photos\ID_1326_Car.jpg
1327,Truck,0.4013497829437256,6788,6789,,0.0,60,No,No,vehicle_photos\ID_1327_Truck.jpg
1330,Car,0.4204696714878082,6812,6813,,0.0,60,No,No,vehicle_photos\ID_1330_Car.jpg
1331,Car,0.8024795055389404,6819,6865,6838,22.68,60,No,Yes,vehicle_photos\ID_1331_Car.jpg
1333,Car,0.836814284324646,6821,6973,6954,30.13,60,No,Yes,vehicle_photos\ID_1333_Car.jpg
1335,Car,0.7769855260848999,6827,7136,7114,18.25,60,No,Yes,vehicle_photos\ID_1335_Car.jpg
1344,Truck,0.3857978582382202,6860,6861,,0.0,60,No,No,vehicle_photos\ID_1344_Truck.jpg
1345,Bus,0.38174861669540405,6861,6861,,0.0,60,No,No,vehicle_photos\ID_1345_Bus.jpg
1346,Car,0.8334271907806396,6873,7491,7251,2.4,60,No,Yes,vehicle_photos\ID_1346_Car.jpg
1350,Truck,0.5360228419303894,6902,6909,,0.0,60,No,No,vehicle_photos\ID_1350_Truck.jpg
1353,Car,0.5145941972732544,6919,6936,,0.0,60,No,No,vehicle_photos\ID_1353_Car.jpg
1356,Car,0.8465432524681091,6933,7694,7567,3.0,60,No,Yes,vehicle_photos\ID_1356_Car.jpg
1357,Car,0.4505949914455414,6941,6946,,0.0,60,No,No,vehicle_photos\ID_1357_Car.jpg
1360,Car,0.8829478621482849,6949,7061,7051,49.6,60,No,Yes,vehicle_photos\ID_1360_Car.jpg
1361,Car,0.8451367020606995,7018,7209,7194,36.78,60,No,Yes,vehicle_photos\ID_1361_Car.jpg
1362,Car,0.4864504337310791,7021,7022,,0.0,60,No,No,vehicle_photos\ID_1362_Car.jpg
1363,Car,0.8376169204711914,7033,7140,7127,38.29,60,No,Yes,vehicle_photos\ID_1363_Car.jpg
1367,Car,0.8115621209144592,7138,7292,7280,41.06,60,No,Yes,vehicle_photos\ID_1367_Car.jpg
1369,Car,0.8515745401382446,7154,7273,7262,47.29,60,No,Yes,vehicle_photos\ID_1369_Car.jpg
1370,Car,0.8763065934181213,7190,7356,7340,32.47,60,No,Yes,vehicle_photos\ID_1370_Car.jpg
1374,Car,0.8546558618545532,7230,7772,7728,10.82,60,No,Yes,vehicle_photos\ID_1374_Car.jpg
1377,Car,0.3971743881702423,7246,7246,,0.0,60,No,No,vehicle_photos\ID_1377_Car.jpg
1380,Bus,0.8780575394630432,7265,7349,7299,14.82,60,No,Yes,vehicle_photos\ID_1380_Bus.jpg
1382,Car,0.7911316752433777,7285,7394,7378,35.35,60,No,Yes,vehicle_photos\ID_1382_Car.jpg
1383,Car,0.4801851511001587,7310,7329,,0.0,60,No,No,vehicle_photos\ID_1383_Car.jpg
1385,Car,0.4061018228530884,7315,7318,,0.0,60,No,No,vehicle_photos\ID_1385_Car.jpg
1388,Car,0.7860352993011475,7329,7426,,0.0,60,No,No,vehicle_photos\ID_1388_Car.jpg
1390,Car,0.8713241815567017,7339,7400,7368,21.23,60,No,Yes,vehicle_photos\ID_1390_Car.jpg
1394,Car,0.8200663328170776,7355,7454,7442,41.29,60,No,Yes,vehicle_photos\ID_1394_Car.jpg
1396,Car,0.8763375282287598,7358,7534,7516,31.4,60,No,Yes,vehicle_photos\ID_1396_Car.jpg
1398,Car,0.3634502589702606,7380,7380,,0.0,60,No,No,vehicle_photos\ID_1398_Car.jpg
1400,Car,0.700576663017273,7407,7452,,0.0,60,No,No,vehicle_photos\ID_1400_Car.jpg
1401,Car,0.723662257194519,7414,7457,7434,21.74,60,No,Yes,vehicle_photos\ID_1401_Car.jpg
1407,Car,0.805188775062561,7427,7436,,0.0,60,No,No,vehicle_photos\ID_1407_Car.jpg
1410,Car,0.8985790014266968,7435,7598,7577,28.73,60,No,Yes,vehicle_photos\ID_1410_Car.jpg
1412,Car,0.8327057957649231,7449,7567,7553,37.61,60,No,Yes,vehicle_photos\ID_1412_Car.jpg
1414,Car,0.8677731156349182,7473,7684,7661,26.03,60,No,Yes,vehicle_photos\ID_1414_Car.jpg
1415,Car,0.3879839777946472,7481,7481,,0.0,60,No,No,vehicle_photos\ID_1415_Car.jpg
1416,Car,0.8836822509765625,7498,7617,7602,36.62,60,No,Yes,vehicle_photos\ID_1416_Car.jpg
1417,Car,0.8639086484909058,7499,7627,7607,26.41,60,No,Yes,vehicle_photos\ID_1417_Car.jpg
1418,Car,0.8716344237327576,7543,7662,7648,36.62,60,No,Yes,vehicle_photos\ID_1418_Car.jpg
1421,Truck,0.5231553316116333,7596,7639,,0.0,60,No,No,vehicle_photos\ID_1421_Truck.jpg
1425,Car,0.8748815059661865,7607,7658,7630,23.43,60,No,Yes,vehicle_photos\ID_1425_Car.jpg
1428,Car,0.8934557437896729,7626,7788,7776,30.42,60,No,Yes,vehicle_photos\ID_1428_Car.jpg
1430,Car,0.7270585298538208,7636,7734,7718,37.21,60,No,Yes,vehicle_photos\ID_1430_Car.jpg
1431,Car,0.8634210824966431,7664,7776,7759,37.04,60,No,Yes,vehicle_photos\ID_1431_Car.jpg
1433,Car,0.44796016812324524,7677,7683,,0.0,60,No,No,vehicle_photos\ID_1433_Car.jpg
1435,Car,0.8655677437782288,7678,7852,7837,33.01,60,No,Yes,vehicle_photos\ID_1435_Car.jpg
1438,Truck,0.3622700572013855,7718,7719,,0.0,60,No,No,vehicle_photos\ID_1438_Truck.jpg
1445,Car,0.4877351224422455,7734,7737,,0.0,60,No,No,vehicle_photos\ID_1445_Car.jpg
1448,Car,0.8604437112808228,7739,7893,7877,33.02,60,No,Yes,vehicle_photos\ID_1448_Car.jpg
1451,Car,0.4831838011741638,7744,7771,,0.0,60,No,No,vehicle_photos\ID_1451_Car.jpg
1452,Car,0.8515781164169312,7747,7962,7918,7.89,60,No,Yes,vehicle_photos\ID_1452_Car.jpg
1454,Car,0.8240310549736023,7750,7922,7904,26.92,60,No,Yes,vehicle_photos\ID_1454_Car.jpg
1455,Truck,0.383116215467453,7756,7756,,0.0,60,No,No,vehicle_photos\ID_1455_Truck.jpg
1457,Car,0.8393570184707642,7783,7958,7942,34.08,60,No,Yes,vehicle_photos\ID_1457_Car.jpg
1458,Car,0.8163439035415649,7790,8031,8000,10.87,60,No,Yes,vehicle_photos\ID_1458_Car.jpg
1459,Car,0.4361744821071625,7803,7805,,0.0,60,No,No,vehicle_photos\ID_1459_Car.jpg
1461,Car,0.41102683544158936,7808,7810,,0.0,60,No,No,vehicle_photos\ID_1461_Car.jpg
1462,Car,0.8235052227973938,7810,7901,,0.0,60,No,No,vehicle_photos\ID_1462_Car.jpg
1464,Car,0.8416796922683716,7837,7981,7964,35.78,60,No,Yes,vehicle_photos\ID_1464_Car.jpg
1466,Car,0.8535662293434143,7848,8023,8005,32.74,60,No,Yes,vehicle_photos\ID_1466_Car.jpg
1469,Car,0.7838181853294373,7870,8119,8094,15.14,60,No,Yes,vehicle_photos\ID_1469_Car.jpg
1472,Car,0.8356027603149414,7884,7944,7926,27.6,60,No,Yes,vehicle_photos\ID_1472_Car.jpg
1473,Car,0.8938590288162231,7890,7940,7912,23.37,60,No,Yes,vehicle_photos\ID_1473_Car.jpg
1475,Car,0.6794001460075378,7896,7920,,0.0,60,No,No,vehicle_photos\ID_1475_Car.jpg
1477,Car,0.5954330563545227,7900,7914,,0.0,60,No,No,vehicle_photos\ID_1477_Car.jpg
1479,Car,0.8355939388275146,7908,8083,8067,29.03,60,No,Yes,vehicle_photos\ID_1479_Car.jpg
1481,Car,0.413356214761734,7924,7937,,0.0,60,No,No,vehicle_photos\ID_1481_Car.jpg
1488,Car,0.8392051458358765,7942,8040,8026,39.55,60,No,Yes,vehicle_photos\ID_1488_Car.jpg
1489,Car,0.4201887547969818,7944,7963,,0.0,60,No,No,vehicle_photos\ID_1489_Car.jpg
1490,Car,0.7728540897369385,7945,8172,8151,33.28,60,No,Yes,vehicle_photos\ID_1490_Car.jpg
1492,Car,0.8542835116386414,7965,8080,8065,38.29,60,No,Yes,vehicle_photos\ID_1492_Car.jpg
1493,Car,0.3527531325817108,7971,7971,,0.0,60,No,No,vehicle_photos\ID_1493_Car.jpg
1494,Car,0.37617117166519165,7990,7992,,0.0,60,No,No,vehicle_photos\ID_1494_Car.jpg
1496,Car,0.41049596667289734,7994,7994,,0.0,60,No,No,vehicle_photos\ID_1496_Car.jpg
1497,Car,0.8226488828659058,7997,8209,8190,18.04,60,No,Yes,vehicle_photos\ID_1497_Car.jpg
1500,Car,0.575066089630127,8018,8018,,0.0,60,No,No,vehicle_photos\ID_1500_Car.jpg
1502,Car,0.3888840973377228,8025,8025,,0.0,60,No,No,vehicle_photos\ID_1502_Car.jpg
1503,Car,0.8223887085914612,8031,8264,8247,19.35,60,No,Yes,vehicle_photos\ID_1503_Car.jpg
1505,Bus,0.4663608968257904,8058,8058,,0.0,60,No,No,vehicle_photos\ID_1505_Bus.jpg
1508,Truck,0.40382903814315796,8099,8104,,0.0,60,No,No,vehicle_photos\ID_1508_Truck.jpg
1509,Car,0.5924354195594788,8104,8111,,0.0,60,No,No,vehicle_photos\ID_1509_Car.jpg
1511,Car,0.671876072883606,8109,8195,8189,23.32,60,No,Yes,vehicle_photos\ID_1511_Car.jpg
1514,Car,0.8553423881530762,8125,8223,8211,47.29,60,No,Yes,vehicle_photos\ID_1514_Car.jpg
1515,Car,0.8856624960899353,8126,8262,8243,29.8,60,No,Yes,vehicle_photos\ID_1515_Car.jpg
1519,Car,0.5255146026611328,8155,8208,,0.0,60,No,No,vehicle_photos\ID_1519_Car.jpg
1520,Truck,0.7256049513816833,8157,8294,8277,36.73,60,No,Yes,vehicle_photos\ID_1520_Truck.jpg
1525,Car,0.35570934414863586,8173,8173,,0.0,60,No,No,vehicle_photos\ID_1525_Car.jpg
1529,Truck,0.42067208886146545,8184,8184,,0.0,60,No,No,vehicle_photos\ID_1529_Truck.jpg
1530,Car,0.3876158595085144,8184,8187,,0.0,60,No,No,vehicle_photos\ID_1530_Car.jpg
1534,Car,0.8596433401107788,8194,8345,8332,41.64,60,No,Yes,vehicle_photos\ID_1534_Car.jpg
1535,Truck,0.7090985774993896,8195,8211,,0.0,60,No,No,vehicle_photos\ID_1535_Truck.jpg
1539,Car,0.8110701441764832,8208,8375,8362,32.92,60,No,Yes,vehicle_photos\ID_1539_Car.jpg
1541,Car,0.8550784587860107,8219,8421,8398,15.19,60,No,Yes,vehicle_photos\ID_1541_Car.jpg
1542,Truck,0.35280975699424744,8237,8237,,0.0,60,No,No,vehicle_photos\ID_1542_Truck.jpg
1546,Car,0.4127446413040161,8250,8253,,0.0,60,No,No,vehicle_photos\ID_1546_Car.jpg
1547,Car,0.8295961022377014,8256,8474,8453,16.24,60,No,Yes,vehicle_photos\ID_1547_Car.jpg
1548,Car,0.890109658241272,8263,8446,8426,26.32,60,No,Yes,vehicle_photos\ID_1548_Car.jpg
1549,Car,0.3732839524745941,8267,8268,,0.0,60,No,No,vehicle_photos\ID_1549_Car.jpg
1550,Car,0.4395502507686615,8272,8273,,0.0,60,No,No,vehicle_photos\ID_1550_Car.jpg
1553,Car,0.37910157442092896,8279,8279,,0.0,60,No,No,vehicle_photos\ID_1553_Car.jpg
1554,Car,0.43010270595550537,8279,8285,,0.0,60,No,No,vehicle_photos\ID_1554_Car.jpg
1557,Car,0.8181203007698059,8286,8407,8390,35.05,60,No,Yes,vehicle_photos\ID_1557_Car.jpg
1559,Car,0.364288866519928,8304,8305,,0.0,60,No,No,vehicle_photos\ID_1559_Car.jpg
1561,Car,0.8445322513580322,8308,8481,8460,29.02,60,No,Yes,vehicle_photos\ID_1561_Car.jpg
1562,Car,0.8508179187774658,8315,8533,8506,15.01,60,No,Yes,vehicle_photos\ID_1562_Car.jpg
1563,Car,0.7066839337348938,8322,8520,8506,31.14,60,No,Yes,vehicle_photos\ID_1563_Car.jpg
1564,Car,0.567107081413269,8322,8343,,0.0,60,No,No,vehicle_photos\ID_1564_Car.jpg
1566,Car,0.8169580698013306,8331,8601,8577,16.21,60,No,Yes,vehicle_photos\ID_1566_Car.jpg
1569,Car,0.8136553764343262,8346,8487,8471,35.29,60,No,Yes,vehicle_photos\ID_1569_Car.jpg
1574,Car,0.5656624436378479,8362,8363,,0.0,60,No,No,vehicle_photos\ID_1574_Car.jpg
1579,Car,0.610102117061615,8372,8382,,0.0,60,No,No,vehicle_photos\ID_1579_Car.jpg
1587,Car,0.8326144218444824,8391,8521,8502,34.81,60,No,Yes,vehicle_photos\ID_1587_Car.jpg
1591,Car,0.7998745441436768,8404,8671,8639,13.85,60,No,Yes,vehicle_photos\ID_1591_Car.jpg
1592,Car,0.6164478063583374,8423,8428,,0.0,60,No,No,vehicle_photos\ID_1592_Car.jpg
1593,Car,0.3924589455127716,8426,8426,,0.0,60,No,No,vehicle_photos\ID_1593_Car.jpg
1594,Car,0.3826274871826172,8426,8431,,0.0,60,No,No,vehicle_photos\ID_1594_Car.jpg
1600,Car,0.5436903238296509,8456,8462,,0.0,60,No,No,vehicle_photos\ID_1600_Car.jpg
1602,Car,0.6006773114204407,8458,8515,,0.0,60,No,No,vehicle_photos\ID_1602_Car.jpg
1604,Car,0.8457057476043701,8461,8565,8544,26.97,60,No,Yes,vehicle_photos\ID_1604_Car.jpg
1608,Car,0.4010315537452698,8475,8476,,0.0,60,No,No,vehicle_photos\ID_1608_Car.jpg
1609,Car,0.8039721846580505,8476,8579,8562,36.13,60,No,Yes,vehicle_photos\ID_1609_Car.jpg
1615,Truck,0.40763619542121887,8487,8487,,0.0,60,No,No,vehicle_photos\ID_1615_Truck.jpg
1617,Car,0.7845527529716492,8490,8711,8685,15.7,60,No,Yes,vehicle_photos\ID_1617_Car.jpg
1620,Car,0.36487436294555664,8496,8496,,0.0,60,No,No,vehicle_photos\ID_1620_Car.jpg
1623,Car,0.8809481859207153,8505,8636,8617,31.68,60,No,Yes,vehicle_photos\ID_1623_Car.jpg
1625,Car,0.44037193059921265,8511,8515,,0.0,60,No,No,vehicle_photos\ID_1625_Car.jpg
1628,Car,0.8444073796272278,8514,8676,8655,28.71,60,No,Yes,vehicle_photos\ID_1628_Car.jpg
1632,Truck,0.5575528740882874,8521,8527,,0.0,60,No,No,vehicle_photos\ID_1632_Truck.jpg
1634,Car,0.8389438390731812,8539,8839,8763,7.22,60,No,Yes,vehicle_photos\ID_1634_Car.jpg
1635,Car,0.8469572067260742,8541,8681,8661,29.64,60,No,Yes,vehicle_photos\ID_1635_Car.jpg
1640,Car,0.8421703577041626,8584,8926,8880,7.8,60,No,Yes,vehicle_photos\ID_1640_Car.jpg
1641,Car,0.6888421773910522,8591,8686,,0.0,60,No,No,vehicle_photos\ID_1641_Car.jpg
1647,Truck,0.48418334126472473,8676,8713,,0.0,60,No,No,vehicle_photos\ID_1647_Truck.jpg
1650,Car,0.6664931178092957,8688,8746,,0.0,60,No,No,vehicle_photos\ID_1650_Car.jpg
1651,Car,0.9028895497322083,8691,8813,8799,42.27,60,No,Yes,vehicle_photos\ID_1651_Car.jpg
1652,Car,0.8712552785873413,8724,8891,8875,38.03,60,No,Yes,vehicle_photos\ID_1652_Car.jpg
1653,Car,0.8880549669265747,8755,8814,8780,19.98,60,No,Yes,vehicle_photos\ID_1653_Car.jpg
1654,Truck,0.7030444145202637,8756,8842,8821,25.88,60,No,Yes,vehicle_photos\ID_1654_Truck.jpg
1658,Car,0.4309215247631073,8791,8835,,0.0,60,No,No,vehicle_photos\ID_1658_Car.jpg
1660,Car,0.8191697597503662,8807,9118,9065,5.43,60,No,Yes,vehicle_photos\ID_1660_Car.jpg
1661,Car,0.9022342562675476,8810,9059,9033,19.62,60,No,Yes,vehicle_photos\ID_1661_Car.jpg
1663,Car,0.8137807846069336,8819,8929,8912,31.62,60,No,Yes,vehicle_photos\ID_1663_Car.jpg
1666,Car,0.8631126880645752,8847,8975,8955,28.21,60,No,Yes,vehicle_photos\ID_1666_Car.jpg
1673,Car,0.8748992085456848,8876,9034,9012,29.3,60,No,Yes,vehicle_photos\ID_1673_Car.jpg
1680,Car,0.8775451183319092,8922,9071,9049,29.79,60,No,Yes,vehicle_photos\ID_1680_Car.jpg
1681,Car,0.5422059893608093,8928,8944,,0.0,60,No,No,vehicle_photos\ID_1681_Car.jpg
1686,Car,0.5173363089561462,8956,8960,,0.0,60,No,No,vehicle_photos\ID_1686_Car.jpg
1690,Car,0.39556753635406494,8965,8965,,0.0,60,No,No,vehicle_photos\ID_1690_Car.jpg
1691,Car,0.5549057722091675,8970,8992,,0.0,60,No,No,vehicle_photos\ID_1691_Car.jpg
1692,Car,0.8443557024002075,8971,9184,,0.0,60,No,No,vehicle_photos\ID_1692_Car.jpg
1697,Car,0.5220946073532104,8994,9005,,0.0,60,No,No,vehicle_photos\ID_1697_Car.jpg
1698,Car,0.5592145919799805,9007,9018,,0.0,60,No,No,vehicle_photos\ID_1698_Car.jpg
1699,Truck,0.43823832273483276,9010,9011,,0.0,60,No,No,vehicle_photos\ID_1699_Truck.jpg
1700,Car,0.4509999454021454,9010,9012,,0.0,60,No,No,vehicle_photos\ID_1700_Car.jpg
1701,Car,0.7808167338371277,9020,9184,9166,15.13,60,No,Yes,vehicle_photos\ID_1701_Car.jpg
1702,Car,0.7467902302742004,9024,9115,,0.0,60,No,No,vehicle_photos\ID_1702_Car.jpg
1703,Truck,0.48184505105018616,9026,9026,,0.0,60,No,No,vehicle_photos\ID_1703_Truck.jpg
1705,Car,0.7811123728752136,9033,9184,,0.0,60,No,No,vehicle_photos\ID_1705_Car.jpg
1706,Car,0.7262703776359558,9033,9184,,0.0,60,No,No,vehicle_photos\ID_1706_Car.jpg
1707,Car,0.8686076402664185,9041,9084,9061,25.81,60,No,Yes,vehicle_photos\ID_1707_Car.jpg
1708,Car,0.8185245394706726,9041,9184,,0.0,60,No,No,vehicle_photos\ID_1708_Car.jpg
1709,Car,0.8469513654708862,9080,9184,,0.0,60,No,No,vehicle_photos\ID_1709_Car.jpg
1712,Car,0.6880546808242798,9128,9184,,0.0,60,No,No,vehicle_photos\ID_1712_Car.jpg
1714,Car,0.7638958096504211,9135,9184,,0.0,60,No,No,vehicle_photos\ID_1714_Car.jpg
1715,Car,0.804098904132843,9138,9184,,0.0,60,No,No,vehicle_photos\ID_1715_Car.jpg
1718,Car,0.46863245964050293,9152,9178,,0.0,60,No,No,vehicle_photos\ID_1718_Car.jpg
1722,Car,0.8899005055427551,9159,9184,9179,25.47,60,No,Yes,vehicle_photos\ID_1722_Car.jpg
